Unity Editor version:    2022.3.31f1 (4ede2d13e8b4)
Branch:                  2022.3/staging
Build type:              Release
Batch mode:              YES
System name:             Linux
Distro version:          #1 SMP PREEMPT_DYNAMIC Sat, 08 Feb 2025 15:16:04 +0000
Kernel version:          6.12.13-1-lts
Architecture:            x86_64
Available memory:        15910 MB
Using pre-set license
Pro License: YES

(process:38835): Gtk-WARNING **: 14:03:53.353: Locale not supported by C library.
	Using the fallback 'C' locale.

(Unity:38835): Gtk-CRITICAL **: 14:03:53.397: gtk_window_set_default_icon: assertion 'GDK_IS_PIXBUF (icon)' failed

(Unity:38835): GLib-GObject-CRITICAL **: 14:03:53.397: g_object_unref: assertion 'G_IS_OBJECT (object)' failed
Desktop is 2560 x 1080 @ 60 Hz
Initialize udev device monitor.

COMMAND LINE ARGUMENTS:
Unity
-adb2
-batchMode
-noUpm
-name
AssetImportWorker2
-projectPath
/home/deny/UnityProjects/PlanetOfBubbles
-logFile
Logs/AssetImportWorker2.log
-srvPort
34191
Successfully changed project path to: /home/deny/UnityProjects/PlanetOfBubbles
/home/deny/UnityProjects/PlanetOfBubbles
[UnityMemory] Configuration Parameters - Can be set up in boot.config
    "memorysetup-bucket-allocator-granularity=16"
    "memorysetup-bucket-allocator-bucket-count=8"
    "memorysetup-bucket-allocator-block-size=33554432"
    "memorysetup-bucket-allocator-block-count=8"
    "memorysetup-main-allocator-block-size=16777216"
    "memorysetup-thread-allocator-block-size=16777216"
    "memorysetup-gfx-main-allocator-block-size=16777216"
    "memorysetup-gfx-thread-allocator-block-size=16777216"
    "memorysetup-cache-allocator-block-size=4194304"
    "memorysetup-typetree-allocator-block-size=2097152"
    "memorysetup-profiler-bucket-allocator-granularity=16"
    "memorysetup-profiler-bucket-allocator-bucket-count=8"
    "memorysetup-profiler-bucket-allocator-block-size=33554432"
    "memorysetup-profiler-bucket-allocator-block-count=8"
    "memorysetup-profiler-allocator-block-size=16777216"
    "memorysetup-profiler-editor-allocator-block-size=1048576"
    "memorysetup-temp-allocator-size-main=16777216"
    "memorysetup-job-temp-allocator-block-size=2097152"
    "memorysetup-job-temp-allocator-block-size-background=1048576"
    "memorysetup-job-temp-allocator-reduction-small-platforms=262144"
    "memorysetup-allocator-temp-initial-block-size-main=262144"
    "memorysetup-allocator-temp-initial-block-size-worker=262144"
    "memorysetup-temp-allocator-size-background-worker=32768"
    "memorysetup-temp-allocator-size-job-worker=262144"
    "memorysetup-temp-allocator-size-preload-manager=33554432"
    "memorysetup-temp-allocator-size-nav-mesh-worker=65536"
    "memorysetup-temp-allocator-size-audio-worker=65536"
    "memorysetup-temp-allocator-size-cloud-worker=32768"
    "memorysetup-temp-allocator-size-gi-baking-worker=262144"
    "memorysetup-temp-allocator-size-gfx=262144"
Player connection [126651145028416] Host "[IP] 192.168.1.101 [Port] 0 [Flags] 2 [Guid] 3977365702 [EditorId] 3977365702 [Version] 1048832 [Id] LinuxEditor(16,192.168.1.101) [Debug] 1 [PackageName] LinuxEditor [ProjectName] Editor" joined multi-casting on [225.0.0.222:54997]...

Player connection [126651145028416] Host "[IP] 192.168.1.101 [Port] 0 [Flags] 2 [Guid] 3977365702 [EditorId] 3977365702 [Version] 1048832 [Id] LinuxEditor(16,192.168.1.101) [Debug] 1 [PackageName] LinuxEditor [ProjectName] Editor" joined alternative multi-casting on [225.0.0.222:34997]...

[PhysX] Initialized MultithreadedTaskDispatcher with 12 workers.
Refreshing native plugins compatible for Editor in 3.01 ms, found 0 plugins.
Preloading 0 native plugins for Editor in 0.00 ms.
Initialize engine version: 2022.3.31f1 (4ede2d13e8b4)
[Subsystems] Discovering subsystems at path /home/deny/Unity/Hub/Editor/2022.3.31f1/Editor/Data/Resources/UnitySubsystems
[Subsystems] Discovering subsystems at path /home/deny/UnityProjects/PlanetOfBubbles/Assets
GLX Extensions: GLX_ARB_get_proc_address GLX_ARB_multisample GLX_EXT_visual_info GLX_EXT_visual_rating GLX_SGIX_fbconfig GLX_SGIX_pbuffer GLX_SGI_swap_control GLX_EXT_swap_control GLX_EXT_buffer_age GLX_ARB_create_context GLX_ARB_create_context_profile GLX_ARB_fbconfig_float GLX_EXT_fbconfig_packed_float GLX_EXT_framebuffer_sRGB GLX_NV_copy_image GLX_NV_copy_buffer GLX_EXT_create_context_es_profile GLX_EXT_create_context_es2_profile GLX_ARB_create_context_no_error GLX_ARB_create_context_robustness GLX_ARB_context_flush_control 
Renderer: NVIDIA GeForce GTX 1660/PCIe/SSE2
Vendor:   NVIDIA Corporation
Version:  4.5.0 NVIDIA 570.86.16
GLES:     0
 GL_AMD_multi_draw_indirect GL_AMD_seamless_cubemap_per_texture GL_AMD_vertex_shader_viewport_index GL_AMD_vertex_shader_layer GL_ARB_arrays_of_arrays GL_ARB_base_instance GL_ARB_bindless_texture GL_ARB_blend_func_extended GL_ARB_buffer_storage GL_ARB_clear_buffer_object GL_ARB_clear_texture GL_ARB_clip_control GL_ARB_color_buffer_float GL_ARB_compressed_texture_pixel_storage GL_ARB_conservative_depth GL_ARB_compute_shader GL_ARB_compute_variable_group_size GL_ARB_conditional_render_inverted GL_ARB_copy_buffer GL_ARB_copy_image GL_ARB_cull_distance GL_ARB_debug_output GL_ARB_depth_buffer_float GL_ARB_depth_clamp GL_ARB_depth_texture GL_ARB_derivative_control GL_ARB_direct_state_access GL_ARB_draw_buffers GL_ARB_draw_buffers_blend GL_ARB_draw_indirect GL_ARB_draw_elements_base_vertex GL_ARB_draw_instanced GL_ARB_enhanced_layouts GL_ARB_ES2_compatibility GL_ARB_ES3_compatibility GL_ARB_ES3_1_compatibility GL_ARB_ES3_2_compatibility GL_ARB_explicit_attrib_location GL_ARB_explicit_uniform_location GL_ARB_fragmen
t_coord_conventions GL_ARB_fragment_layer_viewport GL_ARB_fragment_program GL_ARB_fragment_program_shadow GL_ARB_fragment_shader GL_ARB_fragment_shader_interlock GL_ARB_framebuffer_no_attachments GL_ARB_framebuffer_object GL_ARB_framebuffer_sRGB GL_ARB_geometry_shader4 GL_ARB_get_program_binary GL_ARB_get_texture_sub_image GL_ARB_gl_spirv GL_ARB_gpu_shader5 GL_ARB_gpu_shader_fp64 GL_ARB_gpu_shader_int64 GL_ARB_half_float_pixel GL_ARB_half_float_vertex GL_ARB_imaging GL_ARB_indirect_parameters GL_ARB_instanced_arrays GL_ARB_internalformat_query GL_ARB_internalformat_query2 GL_ARB_invalidate_subdata GL_ARB_map_buffer_alignment GL_ARB_map_buffer_range GL_ARB_multi_bind GL_ARB_multi_draw_indirect GL_ARB_multisample GL_ARB_multitexture GL_ARB_occlusion_query GL_ARB_occlusion_query2 GL_ARB_parallel_shader_compile GL_ARB_pipeline_statistics_query GL_ARB_pixel_buffer_object GL_ARB_point_parameters GL_ARB_point_sprite GL_ARB_polygon_offset_clamp GL_ARB_post_depth_coverage GL_ARB_program_interface_query GL_ARB_provoki
ng_vertex GL_ARB_query_buffer_object GL_ARB_robust_buffer_access_behavior GL_ARB_robustness GL_ARB_sample_locations GL_ARB_sample_shading GL_ARB_sampler_objects GL_ARB_seamless_cube_map GL_ARB_seamless_cubemap_per_texture GL_ARB_separate_shader_objects GL_ARB_shader_atomic_counter_ops GL_ARB_shader_atomic_counters GL_ARB_shader_ballot GL_ARB_shader_bit_encoding GL_ARB_shader_clock GL_ARB_shader_draw_parameters GL_ARB_shader_group_vote GL_ARB_shader_image_load_store GL_ARB_shader_image_size GL_ARB_shader_objects GL_ARB_shader_precision GL_ARB_shader_storage_buffer_object GL_ARB_shader_subroutine GL_ARB_shader_texture_image_samples GL_ARB_shader_texture_lod GL_ARB_shading_language_100 GL_ARB_shader_viewport_layer_array GL_ARB_shading_language_420pack GL_ARB_shading_language_include GL_ARB_shading_language_packing GL_ARB_shadow GL_ARB_sparse_buffer GL_ARB_sparse_texture GL_ARB_sparse_texture2 GL_ARB_sparse_texture_clamp GL_ARB_spirv_extensions GL_ARB_stencil_texturing GL_ARB_sync GL_ARB_tessellation_shader GL_A
RB_texture_barrier GL_ARB_texture_border_clamp GL_ARB_texture_buffer_object GL_ARB_texture_buffer_object_rgb32 GL_ARB_texture_buffer_range GL_ARB_texture_compression GL_ARB_texture_compression_bptc GL_ARB_texture_compression_rgtc GL_ARB_texture_cube_map GL_ARB_texture_cube_map_array GL_ARB_texture_env_add GL_ARB_texture_env_combine GL_ARB_texture_env_crossbar GL_ARB_texture_env_dot3 GL_ARB_texture_filter_anisotropic GL_ARB_texture_filter_minmax GL_ARB_texture_float GL_ARB_texture_gather GL_ARB_texture_mirror_clamp_to_edge GL_ARB_texture_mirrored_repeat GL_ARB_texture_multisample GL_ARB_texture_non_power_of_two GL_ARB_texture_query_levels GL_ARB_texture_query_lod GL_ARB_texture_rectangle GL_ARB_texture_rg GL_ARB_texture_rgb10_a2ui GL_ARB_texture_stencil8 GL_ARB_texture_storage GL_ARB_texture_storage_multisample GL_ARB_texture_swizzle GL_ARB_texture_view GL_ARB_timer_query GL_ARB_transform_feedback2 GL_ARB_transform_feedback3 GL_ARB_transform_feedback_instanced GL_ARB_transform_feedback_overflow_query GL_ARB_t
ranspose_matrix GL_ARB_uniform_buffer_object GL_ARB_vertex_array_bgra GL_ARB_vertex_array_object GL_ARB_vertex_attrib_64bit GL_ARB_vertex_attrib_binding GL_ARB_vertex_buffer_object GL_ARB_vertex_program GL_ARB_vertex_shader GL_ARB_vertex_type_10f_11f_11f_rev GL_ARB_vertex_type_2_10_10_10_rev GL_ARB_viewport_array GL_ARB_window_pos GL_ATI_draw_buffers GL_ATI_texture_float GL_ATI_texture_mirror_once GL_S3_s3tc GL_EXT_texture_env_add GL_EXT_abgr GL_EXT_bgra GL_EXT_bindable_uniform GL_EXT_blend_color GL_EXT_blend_equation_separate GL_EXT_blend_func_separate GL_EXT_blend_minmax GL_EXT_blend_subtract GL_EXT_compiled_vertex_array GL_EXT_Cg_shader GL_EXT_depth_bounds_test GL_EXT_direct_state_access GL_EXT_draw_buffers2 GL_EXT_draw_instanced GL_EXT_draw_range_elements GL_EXT_fog_coord GL_EXT_framebuffer_blit GL_EXT_framebuffer_multisample GL_EXTX_framebuffer_mixed_formats GL_EXT_framebuffer_multisample_blit_scaled GL_EXT_framebuffer_object GL_EXT_framebuffer_sRGB GL_EXT_geometry_shader4 GL_EXT_gpu_program_parameters 
GL_EXT_gpu_shader4 GL_EXT_multi_draw_arrays GL_EXT_multiview_texture_multisample GL_EXT_multiview_timer_query GL_EXT_packed_depth_stencil GL_EXT_packed_float GL_EXT_packed_pixels GL_EXT_pixel_buffer_object GL_EXT_point_parameters GL_EXT_polygon_offset_clamp GL_EXT_post_depth_coverage GL_EXT_provoking_vertex GL_EXT_raster_multisample GL_EXT_rescale_normal GL_EXT_secondary_color GL_EXT_separate_shader_objects GL_EXT_separate_specular_color GL_EXT_shader_image_load_formatted GL_EXT_shader_image_load_store GL_EXT_shader_integer_mix GL_EXT_shadow_funcs GL_EXT_sparse_texture2 GL_EXT_stencil_two_side GL_EXT_stencil_wrap GL_EXT_texture3D GL_EXT_texture_array GL_EXT_texture_buffer_object GL_EXT_texture_compression_dxt1 GL_EXT_texture_compression_latc GL_EXT_texture_compression_rgtc GL_EXT_texture_compression_s3tc GL_EXT_texture_cube_map GL_EXT_texture_edge_clamp GL_EXT_texture_env_combine GL_EXT_texture_env_dot3 GL_EXT_texture_filter_anisotropic GL_EXT_texture_filter_minmax GL_EXT_texture_integer GL_EXT_texture_lod G
L_EXT_texture_lod_bias GL_EXT_texture_mirror_clamp GL_EXT_texture_object GL_EXT_texture_shadow_lod GL_EXT_texture_shared_exponent GL_EXT_texture_sRGB GL_EXT_texture_sRGB_R8 GL_EXT_texture_sRGB_decode GL_EXT_texture_storage GL_EXT_texture_swizzle GL_EXT_timer_query GL_EXT_transform_feedback2 GL_EXT_vertex_array GL_EXT_vertex_array_bgra GL_EXT_vertex_attrib_64bit GL_EXT_window_rectangles GL_EXT_x11_sync_object GL_EXT_import_sync_object GL_NV_robustness_video_memory_purge GL_IBM_rasterpos_clip GL_IBM_texture_mirrored_repeat GL_KHR_context_flush_control GL_KHR_debug GL_EXT_memory_object GL_EXT_memory_object_fd GL_NV_memory_object_sparse GL_KHR_parallel_shader_compile GL_KHR_no_error GL_KHR_robust_buffer_access_behavior GL_KHR_robustness GL_EXT_semaphore GL_EXT_semaphore_fd GL_NV_timeline_semaphore GL_KHR_shader_subgroup GL_KTX_buffer_region GL_NV_alpha_to_coverage_dither_control GL_NV_bindless_multi_draw_indirect GL_NV_bindless_multi_draw_indirect_count GL_NV_bindless_texture GL_NV_blend_equation_advanced GL_NV_
blend_equation_advanced_coherent GL_NVX_blend_equation_advanced_multi_draw_buffers GL_NV_blend_minmax_factor GL_NV_blend_square GL_NV_clip_space_w_scaling GL_NV_command_list GL_NV_compute_program5 GL_NV_compute_shader_derivatives GL_NV_conditional_render GL_NV_conservative_raster GL_NV_conservative_raster_dilate GL_NV_conservative_raster_pre_snap GL_NV_conservative_raster_pre_snap_triangles GL_NV_conservative_raster_underestimation GL_NV_copy_depth_to_color GL_NV_copy_image GL_NV_depth_buffer_float GL_NV_depth_clamp GL_NV_draw_texture GL_NV_draw_vulkan_image GL_NV_ES1_1_compatibility GL_NV_ES3_1_compatibility GL_NV_explicit_multisample GL_NV_feature_query GL_NV_fence GL_NV_fill_rectangle GL_NV_float_buffer GL_NV_fog_distance GL_NV_fragment_coverage_to_color GL_NV_fragment_program GL_NV_fragment_program_option GL_NV_fragment_program2 GL_NV_fragment_shader_barycentric GL_NV_fragment_shader_interlock GL_NV_framebuffer_mixed_samples GL_NV_framebuffer_multisample_coverage GL_NV_geometry_shader4 GL_NV_geometry_sha
der_passthrough GL_NV_gpu_program4 GL_NV_internalformat_sample_query GL_NV_gpu_program4_1 GL_NV_gpu_program5 GL_NV_gpu_program5_mem_extended GL_NV_gpu_program_fp64 GL_NV_gpu_program_multiview GL_NV_gpu_shader5 GL_NV_half_float GL_NV_light_max_exponent GL_NV_memory_attachment GL_NV_mesh_shader GL_NV_multisample_coverage GL_NV_multisample_filter_hint GL_NV_occlusion_query GL_NV_packed_depth_stencil GL_NV_parameter_buffer_object GL_NV_parameter_buffer_object2 GL_NV_path_rendering GL_NV_path_rendering_shared_edge GL_NV_pixel_data_range GL_NV_point_sprite GL_NV_primitive_restart GL_NV_query_resource GL_NV_query_resource_tag GL_NV_register_combiners GL_NV_register_combiners2 GL_NV_representative_fragment_test GL_NV_sample_locations GL_NV_sample_mask_override_coverage GL_NV_scissor_exclusive GL_NV_shader_atomic_counters GL_NV_shader_atomic_float GL_NV_shader_atomic_float64 GL_NV_shader_atomic_fp16_vector GL_NV_shader_atomic_int64 GL_NV_shader_buffer_load GL_NV_shader_storage_buffer_object GL_NV_shader_subgroup_part
itioned GL_NV_shader_texture_footprint GL_NV_shading_rate_image GL_NV_stereo_view_rendering GL_NV_texgen_reflection GL_NV_texture_barrier GL_NV_texture_compression_vtc GL_NV_texture_env_combine4 GL_NV_texture_multisample GL_NV_texture_rectangle GL_NV_texture_rectangle_compressed GL_NV_texture_shader GL_NV_texture_shader2 GL_NV_texture_shader3 GL_NV_transform_feedback GL_NV_transform_feedback2 GL_NV_uniform_buffer_unified_memory GL_NV_uniform_buffer_std430_layout GL_NV_vdpau_interop GL_NV_vdpau_interop2 GL_NV_vertex_array_range GL_NV_vertex_array_range2 GL_NV_vertex_attrib_integer_64bit GL_NV_vertex_buffer_unified_memory GL_NV_vertex_program GL_NV_vertex_program1_1 GL_NV_vertex_program2 GL_NV_vertex_program2_option GL_NV_vertex_program3 GL_NV_viewport_array2 GL_NV_viewport_swizzle GL_NVX_conditional_render GL_NV_gpu_multicast GL_NVX_progress_fence GL_NVX_gpu_memory_info GL_NVX_nvenc_interop GL_NV_shader_thread_group GL_NV_shader_thread_shuffle GL_KHR_blend_equation_advanced GL_KHR_blend_equation_advanced_cohe
rent GL_OVR_multiview GL_OVR_multiview2 GL_SGIS_generate_mipmap GL_SGIS_texture_lod GL_SGIX_depth_texture GL_SGIX_shadow GL_SUN_slice_accum
OPENGL LOG: Creating OpenGL 4.5 graphics device ; Context level  <OpenGL 4.5> ; Context handle -861662648
Initialize mono
Mono path[0] = '/home/deny/Unity/Hub/Editor/2022.3.31f1/Editor/Data/Managed'
Mono path[1] = '/home/deny/Unity/Hub/Editor/2022.3.31f1/Editor/Data/MonoBleedingEdge/lib/mono/unityjit-linux'
Mono config path = '/home/deny/Unity/Hub/Editor/2022.3.31f1/Editor/Data/MonoBleedingEdge/etc'
Using monoOptions --debugger-agent=transport=dt_socket,embedding=1,server=y,suspend=n,address=127.0.0.1:56835
Begin MonoManager ReloadAssembly
Registering precompiled unity dll's ...
Register platform support module: /home/deny/Unity/Hub/Editor/2022.3.31f1/Editor/Data/PlaybackEngines/MacStandaloneSupport/UnityEditor.OSXStandalone.Extensions.dll
Register platform support module: /home/deny/Unity/Hub/Editor/2022.3.31f1/Editor/Data/PlaybackEngines/AndroidPlayer/UnityEditor.Android.Extensions.dll
Register platform support module: /home/deny/Unity/Hub/Editor/2022.3.31f1/Editor/Data/PlaybackEngines/WindowsStandaloneSupport/UnityEditor.WindowsStandalone.Extensions.dll
Register platform support module: /home/deny/Unity/Hub/Editor/2022.3.31f1/Editor/Data/PlaybackEngines/LinuxStandaloneSupport/UnityEditor.LinuxStandalone.Extensions.dll
Registered in 0.019347 seconds.
- Loaded All Assemblies, in  0.398 seconds
Native extension for LinuxStandalone target not found
Native extension for WindowsStandalone target not found
Native extension for Android target not found
Android Extension - Scanning For ADB Devices 364 ms
Native extension for OSXStandalone target not found
Mono: successfully reloaded assembly
- Finished resetting the current domain, in  0.809 seconds
Domain Reload Profiling: 1207ms
	BeginReloadAssembly (86ms)
		ExecutionOrderSort (0ms)
		DisableScriptedObjects (0ms)
		BackupInstance (0ms)
		ReleaseScriptingObjects (0ms)
		CreateAndSetChildDomain (1ms)
	RebuildCommonClasses (54ms)
	RebuildNativeTypeToScriptingClass (12ms)
	initialDomainReloadingComplete (89ms)
	LoadAllAssembliesAndSetupDomain (156ms)
		LoadAssemblies (86ms)
		RebuildTransferFunctionScriptingTraits (0ms)
		AnalyzeDomain (153ms)
			TypeCache.Refresh (152ms)
				TypeCache.ScanAssembly (139ms)
			ScanForSourceGeneratedMonoScriptInfo (0ms)
			ResolveRequiredComponents (0ms)
	FinalizeReload (810ms)
		ReleaseScriptCaches (0ms)
		RebuildScriptCaches (0ms)
		SetupLoadedEditorAssemblies (732ms)
			LogAssemblyErrors (0ms)
			InitializePlatformSupportModulesInManaged (538ms)
			SetLoadedEditorAssemblies (4ms)
			RefreshPlugins (0ms)
			BeforeProcessingInitializeOnLoad (2ms)
			ProcessInitializeOnLoadAttributes (131ms)
			ProcessInitializeOnLoadMethodAttributes (56ms)
			AfterProcessingInitializeOnLoad (0ms)
			EditorAssembliesLoaded (0ms)
		ExecutionOrderSort2 (0ms)
		AwakeInstancesAfterBackupRestoration (0ms)
========================================================================
Worker process is ready to serve import requests
Begin MonoManager ReloadAssembly
- Loaded All Assemblies, in  0.570 seconds
Refreshing native plugins compatible for Editor in 1.18 ms, found 0 plugins.
Native extension for LinuxStandalone target not found
Native extension for WindowsStandalone target not found
Native extension for Android target not found
Native extension for OSXStandalone target not found
Mono: successfully reloaded assembly
- Finished resetting the current domain, in  0.655 seconds
Domain Reload Profiling: 1224ms
	BeginReloadAssembly (127ms)
		ExecutionOrderSort (0ms)
		DisableScriptedObjects (6ms)
		BackupInstance (0ms)
		ReleaseScriptingObjects (0ms)
		CreateAndSetChildDomain (33ms)
	RebuildCommonClasses (37ms)
	RebuildNativeTypeToScriptingClass (9ms)
	initialDomainReloadingComplete (50ms)
	LoadAllAssembliesAndSetupDomain (346ms)
		LoadAssemblies (216ms)
		RebuildTransferFunctionScriptingTraits (0ms)
		AnalyzeDomain (183ms)
			TypeCache.Refresh (162ms)
				TypeCache.ScanAssembly (148ms)
			ScanForSourceGeneratedMonoScriptInfo (15ms)
			ResolveRequiredComponents (5ms)
	FinalizeReload (655ms)
		ReleaseScriptCaches (0ms)
		RebuildScriptCaches (0ms)
		SetupLoadedEditorAssemblies (487ms)
			LogAssemblyErrors (0ms)
			InitializePlatformSupportModulesInManaged (61ms)
			SetLoadedEditorAssemblies (4ms)
			RefreshPlugins (0ms)
			BeforeProcessingInitializeOnLoad (57ms)
			ProcessInitializeOnLoadAttributes (336ms)
			ProcessInitializeOnLoadMethodAttributes (23ms)
			AfterProcessingInitializeOnLoad (7ms)
			EditorAssembliesLoaded (0ms)
		ExecutionOrderSort2 (0ms)
		AwakeInstancesAfterBackupRestoration (4ms)
Launched and connected shader compiler UnityShaderCompiler after 0.01 seconds
Refreshing native plugins compatible for Editor in 1.43 ms, found 0 plugins.
Preloading 0 native plugins for Editor in 0.00 ms.
Unloading 3119 Unused Serialized files (Serialized files now loaded: 0)
Unloading 33 unused Assets / (30.2 KB). Loaded Objects now: 3606.
Memory consumption went from 133.6 MB to 133.6 MB.
Total: 4.098205 ms (FindLiveObjects: 0.201899 ms CreateObjectMapping: 0.069590 ms MarkObjects: 3.607345 ms  DeleteObjects: 0.218620 ms)

AssetImportParameters requested are different than current active one (requested -> active):
  custom:container-demuxer-ogg: 62fdf1f143b41e24485cea50d1cbac27 -> 
  custom:video-decoder-ogg-theora: a1e56fd34408186e4bbccfd4996cb3dc -> 
  custom:CustomObjectIndexerAttribute: 232f87dd983dbecb2a4e21e08eb2cef8 -> 
  custom:container-demuxer-webm: 4f35f7cbe854078d1ac9338744f61a02 -> 
  custom:container-muxer-webm: aa71ff27fc2769a1b78a27578f13a17b -> 
  custom:video-decoder-webm-vp8: 9c59270c3fd7afecdb556c50c9e8de78 -> 
  custom:SearchIndexIgnoredProperties: e643bd26f0fe6173181afceb89e7c659 -> 
  custom:AudioImporter_EditorPlatform: 2f0ff77a95e0ac474e3e8eeba4e2f7cb -> 
  custom:video-encoder-webm-vp8: eb34c28f22e8b96e1ab97ce403110664 -> 
  custom:audio-decoder-ogg-vorbis: bf7c407c2cedff20999df2af8eb42d56 -> 
  custom:audio-encoder-webm-vorbis: bf7c407c2cedff20999df2af8eb42d56 -> 
========================================================================
Received Import Request.
  Time since last request: 12882.145378 seconds.
  path: Assets/Prefabs/Planets/Earth.prefab
  artifactKey: Guid(f9a9d267f8136ca57bafc1cfd61cb03a) Importer(815301076,1909f56bfc062723c751e8b465ee728b)
Start importing Assets/Prefabs/Planets/Earth.prefab using Guid(f9a9d267f8136ca57bafc1cfd61cb03a) Importer(815301076,1909f56bfc062723c751e8b465ee728b) [PhysX] Initialized MultithreadedTaskDispatcher with 12 workers.
 -> (artifact id: 'd9c37791a39925bfae2114688c4b95a1') in 0.044583 seconds
Number of updated asset objects reloaded before import = 0
Number of asset objects unloaded after import = 19
========================================================================
Received Import Request.
  Time since last request: 3.739046 seconds.
  path: Assets/Prefabs/Planets/Jupiter.prefab
  artifactKey: Guid(6188c8568388e9a2088da2e3806d0e68) Importer(815301076,1909f56bfc062723c751e8b465ee728b)
Start importing Assets/Prefabs/Planets/Jupiter.prefab using Guid(6188c8568388e9a2088da2e3806d0e68) Importer(815301076,1909f56bfc062723c751e8b465ee728b) [PhysX] Initialized MultithreadedTaskDispatcher with 12 workers.
 -> (artifact id: '7a5307a0b2ae46d0b4aefeab24412095') in 0.002264 seconds
Number of updated asset objects reloaded before import = 0
Number of asset objects unloaded after import = 19
========================================================================
Received Import Request.
  Time since last request: 3.532567 seconds.
  path: Assets/Prefabs/Planets/Mars.prefab
  artifactKey: Guid(89d47f1d883eacc4a8e17c56fcc89b8c) Importer(815301076,1909f56bfc062723c751e8b465ee728b)
Start importing Assets/Prefabs/Planets/Mars.prefab using Guid(89d47f1d883eacc4a8e17c56fcc89b8c) Importer(815301076,1909f56bfc062723c751e8b465ee728b) [PhysX] Initialized MultithreadedTaskDispatcher with 12 workers.
 -> (artifact id: 'b30ba15affd917b23a5afa41e37f5f52') in 0.002447 seconds
Number of updated asset objects reloaded before import = 0
Number of asset objects unloaded after import = 19
========================================================================
Received Import Request.
  Time since last request: 4.093501 seconds.
  path: Assets/Prefabs/Planets/Mercury.prefab
  artifactKey: Guid(af509ebcd1a6593cc9410da48a551c79) Importer(815301076,1909f56bfc062723c751e8b465ee728b)
Start importing Assets/Prefabs/Planets/Mercury.prefab using Guid(af509ebcd1a6593cc9410da48a551c79) Importer(815301076,1909f56bfc062723c751e8b465ee728b) [PhysX] Initialized MultithreadedTaskDispatcher with 12 workers.
 -> (artifact id: '363cf65e1391765fc3bccc02bac56a50') in 0.002297 seconds
Number of updated asset objects reloaded before import = 0
Number of asset objects unloaded after import = 19
========================================================================
Received Import Request.
  Time since last request: 3.421378 seconds.
  path: Assets/Prefabs/Planets/Neptune.prefab
  artifactKey: Guid(7d13d641ea290f2c5a3bd9a5472d2b02) Importer(815301076,1909f56bfc062723c751e8b465ee728b)
Start importing Assets/Prefabs/Planets/Neptune.prefab using Guid(7d13d641ea290f2c5a3bd9a5472d2b02) Importer(815301076,1909f56bfc062723c751e8b465ee728b) [PhysX] Initialized MultithreadedTaskDispatcher with 12 workers.
 -> (artifact id: '09654cc615820a7e3ca92cb85d9c3400') in 0.003548 seconds
Number of updated asset objects reloaded before import = 0
Number of asset objects unloaded after import = 19
========================================================================
Received Import Request.
  Time since last request: 4.192792 seconds.
  path: Assets/Prefabs/Planets/Saturn.prefab
  artifactKey: Guid(8eb0d99233d9e1cac8f0d31475b47d81) Importer(815301076,1909f56bfc062723c751e8b465ee728b)
Start importing Assets/Prefabs/Planets/Saturn.prefab using Guid(8eb0d99233d9e1cac8f0d31475b47d81) Importer(815301076,1909f56bfc062723c751e8b465ee728b) [PhysX] Initialized MultithreadedTaskDispatcher with 12 workers.
 -> (artifact id: 'da479364998d7944f73d12fdcf9d863b') in 0.003498 seconds
Number of updated asset objects reloaded before import = 0
Number of asset objects unloaded after import = 19
========================================================================
Received Import Request.
  Time since last request: 3.478968 seconds.
  path: Assets/Prefabs/Planets/Uranus.prefab
  artifactKey: Guid(30ac8cf1e183214e7b3f0c51181b9514) Importer(815301076,1909f56bfc062723c751e8b465ee728b)
Start importing Assets/Prefabs/Planets/Uranus.prefab using Guid(30ac8cf1e183214e7b3f0c51181b9514) Importer(815301076,1909f56bfc062723c751e8b465ee728b) [PhysX] Initialized MultithreadedTaskDispatcher with 12 workers.
 -> (artifact id: '0b6733dd525b3504e8e97ab1b6fedf2d') in 0.002510 seconds
Number of updated asset objects reloaded before import = 0
Number of asset objects unloaded after import = 19
========================================================================
Received Import Request.
  Time since last request: 4.036619 seconds.
  path: Assets/Prefabs/Planets/Venus.prefab
  artifactKey: Guid(622baf72889132dd6a611669571b14f0) Importer(815301076,1909f56bfc062723c751e8b465ee728b)
Start importing Assets/Prefabs/Planets/Venus.prefab using Guid(622baf72889132dd6a611669571b14f0) Importer(815301076,1909f56bfc062723c751e8b465ee728b) [PhysX] Initialized MultithreadedTaskDispatcher with 12 workers.
 -> (artifact id: 'f48cfc2ef4666dfd99b174c5a3ef4ce8') in 0.003361 seconds
Number of updated asset objects reloaded before import = 0
Number of asset objects unloaded after import = 19
========================================================================
Received Prepare
Begin MonoManager ReloadAssembly
- Loaded All Assemblies, in  0.434 seconds
Refreshing native plugins compatible for Editor in 1.26 ms, found 0 plugins.
Native extension for LinuxStandalone target not found
Native extension for WindowsStandalone target not found
Native extension for Android target not found
Native extension for OSXStandalone target not found
Mono: successfully reloaded assembly
- Finished resetting the current domain, in  0.855 seconds
Domain Reload Profiling: 1288ms
	BeginReloadAssembly (138ms)
		ExecutionOrderSort (0ms)
		DisableScriptedObjects (5ms)
		BackupInstance (0ms)
		ReleaseScriptingObjects (0ms)
		CreateAndSetChildDomain (37ms)
	RebuildCommonClasses (41ms)
	RebuildNativeTypeToScriptingClass (10ms)
	initialDomainReloadingComplete (34ms)
	LoadAllAssembliesAndSetupDomain (210ms)
		LoadAssemblies (253ms)
		RebuildTransferFunctionScriptingTraits (0ms)
		AnalyzeDomain (21ms)
			TypeCache.Refresh (7ms)
				TypeCache.ScanAssembly (0ms)
			ScanForSourceGeneratedMonoScriptInfo (8ms)
			ResolveRequiredComponents (6ms)
	FinalizeReload (856ms)
		ReleaseScriptCaches (0ms)
		RebuildScriptCaches (0ms)
		SetupLoadedEditorAssemblies (483ms)
			LogAssemblyErrors (0ms)
			InitializePlatformSupportModulesInManaged (70ms)
			SetLoadedEditorAssemblies (4ms)
			RefreshPlugins (0ms)
			BeforeProcessingInitializeOnLoad (64ms)
			ProcessInitializeOnLoadAttributes (316ms)
			ProcessInitializeOnLoadMethodAttributes (21ms)
			AfterProcessingInitializeOnLoad (7ms)
			EditorAssembliesLoaded (0ms)
		ExecutionOrderSort2 (0ms)
		AwakeInstancesAfterBackupRestoration (4ms)
Refreshing native plugins compatible for Editor in 1.37 ms, found 0 plugins.
Preloading 0 native plugins for Editor in 0.00 ms.
Unloading 3110 Unused Serialized files (Serialized files now loaded: 0)
Unloading 25 unused Assets / (31.7 KB). Loaded Objects now: 3611.
Memory consumption went from 131.7 MB to 131.7 MB.
Total: 3.706590 ms (FindLiveObjects: 0.241313 ms CreateObjectMapping: 0.062848 ms MarkObjects: 3.336216 ms  DeleteObjects: 0.064751 ms)

Prepare: number of updated asset objects reloaded= 0
AssetImportParameters requested are different than current active one (requested -> active):
  custom:container-demuxer-ogg: 62fdf1f143b41e24485cea50d1cbac27 -> 
  custom:video-decoder-ogg-theora: a1e56fd34408186e4bbccfd4996cb3dc -> 
  custom:CustomObjectIndexerAttribute: 232f87dd983dbecb2a4e21e08eb2cef8 -> 
  custom:container-demuxer-webm: 4f35f7cbe854078d1ac9338744f61a02 -> 
  custom:container-muxer-webm: aa71ff27fc2769a1b78a27578f13a17b -> 
  custom:video-decoder-webm-vp8: 9c59270c3fd7afecdb556c50c9e8de78 -> 
  custom:SearchIndexIgnoredProperties: e643bd26f0fe6173181afceb89e7c659 -> 
  custom:AudioImporter_EditorPlatform: 2f0ff77a95e0ac474e3e8eeba4e2f7cb -> 
  custom:video-encoder-webm-vp8: eb34c28f22e8b96e1ab97ce403110664 -> 
  custom:audio-decoder-ogg-vorbis: bf7c407c2cedff20999df2af8eb42d56 -> 
  custom:audio-encoder-webm-vorbis: bf7c407c2cedff20999df2af8eb42d56 -> 
========================================================================
Received Prepare
Begin MonoManager ReloadAssembly
- Loaded All Assemblies, in  0.393 seconds
Refreshing native plugins compatible for Editor in 1.25 ms, found 0 plugins.
Native extension for LinuxStandalone target not found
Native extension for WindowsStandalone target not found
Native extension for Android target not found
Native extension for OSXStandalone target not found
Mono: successfully reloaded assembly
- Finished resetting the current domain, in  0.863 seconds
Domain Reload Profiling: 1256ms
	BeginReloadAssembly (131ms)
		ExecutionOrderSort (0ms)
		DisableScriptedObjects (5ms)
		BackupInstance (0ms)
		ReleaseScriptingObjects (0ms)
		CreateAndSetChildDomain (39ms)
	RebuildCommonClasses (39ms)
	RebuildNativeTypeToScriptingClass (10ms)
	initialDomainReloadingComplete (29ms)
	LoadAllAssembliesAndSetupDomain (184ms)
		LoadAssemblies (228ms)
		RebuildTransferFunctionScriptingTraits (0ms)
		AnalyzeDomain (11ms)
			TypeCache.Refresh (5ms)
				TypeCache.ScanAssembly (0ms)
			ScanForSourceGeneratedMonoScriptInfo (0ms)
			ResolveRequiredComponents (6ms)
	FinalizeReload (864ms)
		ReleaseScriptCaches (0ms)
		RebuildScriptCaches (0ms)
		SetupLoadedEditorAssemblies (504ms)
			LogAssemblyErrors (0ms)
			InitializePlatformSupportModulesInManaged (67ms)
			SetLoadedEditorAssemblies (4ms)
			RefreshPlugins (0ms)
			BeforeProcessingInitializeOnLoad (62ms)
			ProcessInitializeOnLoadAttributes (343ms)
			ProcessInitializeOnLoadMethodAttributes (22ms)
			AfterProcessingInitializeOnLoad (7ms)
			EditorAssembliesLoaded (0ms)
		ExecutionOrderSort2 (0ms)
		AwakeInstancesAfterBackupRestoration (4ms)
Refreshing native plugins compatible for Editor in 1.32 ms, found 0 plugins.
Preloading 0 native plugins for Editor in 0.00 ms.
Unloading 3111 Unused Serialized files (Serialized files now loaded: 0)
Unloading 25 unused Assets / (31.7 KB). Loaded Objects now: 3614.
Memory consumption went from 132.0 MB to 132.0 MB.
Total: 4.084339 ms (FindLiveObjects: 0.250931 ms CreateObjectMapping: 0.078968 ms MarkObjects: 3.677857 ms  DeleteObjects: 0.075281 ms)

Prepare: number of updated asset objects reloaded= 0
AssetImportParameters requested are different than current active one (requested -> active):
  custom:container-demuxer-ogg: 62fdf1f143b41e24485cea50d1cbac27 -> 
  custom:video-decoder-ogg-theora: a1e56fd34408186e4bbccfd4996cb3dc -> 
  custom:CustomObjectIndexerAttribute: 232f87dd983dbecb2a4e21e08eb2cef8 -> 
  custom:container-demuxer-webm: 4f35f7cbe854078d1ac9338744f61a02 -> 
  custom:container-muxer-webm: aa71ff27fc2769a1b78a27578f13a17b -> 
  custom:video-decoder-webm-vp8: 9c59270c3fd7afecdb556c50c9e8de78 -> 
  custom:SearchIndexIgnoredProperties: e643bd26f0fe6173181afceb89e7c659 -> 
  custom:AudioImporter_EditorPlatform: 2f0ff77a95e0ac474e3e8eeba4e2f7cb -> 
  custom:video-encoder-webm-vp8: eb34c28f22e8b96e1ab97ce403110664 -> 
  custom:audio-decoder-ogg-vorbis: bf7c407c2cedff20999df2af8eb42d56 -> 
  custom:audio-encoder-webm-vorbis: bf7c407c2cedff20999df2af8eb42d56 -> 
========================================================================
Received Prepare
Begin MonoManager ReloadAssembly
- Loaded All Assemblies, in  0.400 seconds
Refreshing native plugins compatible for Editor in 1.38 ms, found 0 plugins.
Native extension for LinuxStandalone target not found
Native extension for WindowsStandalone target not found
Native extension for Android target not found
Native extension for OSXStandalone target not found
Mono: successfully reloaded assembly
- Finished resetting the current domain, in  0.889 seconds
Domain Reload Profiling: 1289ms
	BeginReloadAssembly (135ms)
		ExecutionOrderSort (0ms)
		DisableScriptedObjects (5ms)
		BackupInstance (0ms)
		ReleaseScriptingObjects (0ms)
		CreateAndSetChildDomain (43ms)
	RebuildCommonClasses (38ms)
	RebuildNativeTypeToScriptingClass (10ms)
	initialDomainReloadingComplete (31ms)
	LoadAllAssembliesAndSetupDomain (185ms)
		LoadAssemblies (229ms)
		RebuildTransferFunctionScriptingTraits (0ms)
		AnalyzeDomain (12ms)
			TypeCache.Refresh (5ms)
				TypeCache.ScanAssembly (0ms)
			ScanForSourceGeneratedMonoScriptInfo (0ms)
			ResolveRequiredComponents (6ms)
	FinalizeReload (889ms)
		ReleaseScriptCaches (0ms)
		RebuildScriptCaches (0ms)
		SetupLoadedEditorAssemblies (519ms)
			LogAssemblyErrors (0ms)
			InitializePlatformSupportModulesInManaged (70ms)
			SetLoadedEditorAssemblies (4ms)
			RefreshPlugins (0ms)
			BeforeProcessingInitializeOnLoad (65ms)
			ProcessInitializeOnLoadAttributes (352ms)
			ProcessInitializeOnLoadMethodAttributes (22ms)
			AfterProcessingInitializeOnLoad (7ms)
			EditorAssembliesLoaded (0ms)
		ExecutionOrderSort2 (0ms)
		AwakeInstancesAfterBackupRestoration (4ms)
Refreshing native plugins compatible for Editor in 1.36 ms, found 0 plugins.
Preloading 0 native plugins for Editor in 0.00 ms.
Unloading 3111 Unused Serialized files (Serialized files now loaded: 0)
Unloading 25 unused Assets / (31.7 KB). Loaded Objects now: 3617.
Memory consumption went from 132.0 MB to 132.0 MB.
Total: 3.771573 ms (FindLiveObjects: 0.281649 ms CreateObjectMapping: 0.062577 ms MarkObjects: 3.367816 ms  DeleteObjects: 0.057829 ms)

Prepare: number of updated asset objects reloaded= 0
AssetImportParameters requested are different than current active one (requested -> active):
  custom:container-demuxer-ogg: 62fdf1f143b41e24485cea50d1cbac27 -> 
  custom:video-decoder-ogg-theora: a1e56fd34408186e4bbccfd4996cb3dc -> 
  custom:CustomObjectIndexerAttribute: 232f87dd983dbecb2a4e21e08eb2cef8 -> 
  custom:container-demuxer-webm: 4f35f7cbe854078d1ac9338744f61a02 -> 
  custom:container-muxer-webm: aa71ff27fc2769a1b78a27578f13a17b -> 
  custom:video-decoder-webm-vp8: 9c59270c3fd7afecdb556c50c9e8de78 -> 
  custom:SearchIndexIgnoredProperties: e643bd26f0fe6173181afceb89e7c659 -> 
  custom:AudioImporter_EditorPlatform: 2f0ff77a95e0ac474e3e8eeba4e2f7cb -> 
  custom:video-encoder-webm-vp8: eb34c28f22e8b96e1ab97ce403110664 -> 
  custom:audio-decoder-ogg-vorbis: bf7c407c2cedff20999df2af8eb42d56 -> 
  custom:audio-encoder-webm-vorbis: bf7c407c2cedff20999df2af8eb42d56 -> 
========================================================================
Received Prepare
Begin MonoManager ReloadAssembly
- Loaded All Assemblies, in  0.415 seconds
Refreshing native plugins compatible for Editor in 1.25 ms, found 0 plugins.
Native extension for LinuxStandalone target not found
Native extension for WindowsStandalone target not found
Native extension for Android target not found
Native extension for OSXStandalone target not found
Mono: successfully reloaded assembly
- Finished resetting the current domain, in  0.865 seconds
Domain Reload Profiling: 1280ms
	BeginReloadAssembly (128ms)
		ExecutionOrderSort (0ms)
		DisableScriptedObjects (5ms)
		BackupInstance (0ms)
		ReleaseScriptingObjects (0ms)
		CreateAndSetChildDomain (35ms)
	RebuildCommonClasses (44ms)
	RebuildNativeTypeToScriptingClass (9ms)
	initialDomainReloadingComplete (31ms)
	LoadAllAssembliesAndSetupDomain (202ms)
		LoadAssemblies (234ms)
		RebuildTransferFunctionScriptingTraits (0ms)
		AnalyzeDomain (26ms)
			TypeCache.Refresh (8ms)
				TypeCache.ScanAssembly (0ms)
			ScanForSourceGeneratedMonoScriptInfo (10ms)
			ResolveRequiredComponents (6ms)
	FinalizeReload (866ms)
		ReleaseScriptCaches (0ms)
		RebuildScriptCaches (0ms)
		SetupLoadedEditorAssemblies (495ms)
			LogAssemblyErrors (0ms)
			InitializePlatformSupportModulesInManaged (63ms)
			SetLoadedEditorAssemblies (4ms)
			RefreshPlugins (0ms)
			BeforeProcessingInitializeOnLoad (62ms)
			ProcessInitializeOnLoadAttributes (336ms)
			ProcessInitializeOnLoadMethodAttributes (22ms)
			AfterProcessingInitializeOnLoad (7ms)
			EditorAssembliesLoaded (0ms)
		ExecutionOrderSort2 (0ms)
		AwakeInstancesAfterBackupRestoration (4ms)
Refreshing native plugins compatible for Editor in 1.21 ms, found 0 plugins.
Preloading 0 native plugins for Editor in 0.00 ms.
Unloading 3111 Unused Serialized files (Serialized files now loaded: 0)
Unloading 25 unused Assets / (31.6 KB). Loaded Objects now: 3620.
Memory consumption went from 132.0 MB to 132.0 MB.
Total: 4.087886 ms (FindLiveObjects: 0.270547 ms CreateObjectMapping: 0.163697 ms MarkObjects: 3.585334 ms  DeleteObjects: 0.066675 ms)

Prepare: number of updated asset objects reloaded= 0
AssetImportParameters requested are different than current active one (requested -> active):
  custom:container-demuxer-ogg: 62fdf1f143b41e24485cea50d1cbac27 -> 
  custom:video-decoder-ogg-theora: a1e56fd34408186e4bbccfd4996cb3dc -> 
  custom:CustomObjectIndexerAttribute: 232f87dd983dbecb2a4e21e08eb2cef8 -> 
  custom:container-demuxer-webm: 4f35f7cbe854078d1ac9338744f61a02 -> 
  custom:container-muxer-webm: aa71ff27fc2769a1b78a27578f13a17b -> 
  custom:video-decoder-webm-vp8: 9c59270c3fd7afecdb556c50c9e8de78 -> 
  custom:SearchIndexIgnoredProperties: e643bd26f0fe6173181afceb89e7c659 -> 
  custom:AudioImporter_EditorPlatform: 2f0ff77a95e0ac474e3e8eeba4e2f7cb -> 
  custom:video-encoder-webm-vp8: eb34c28f22e8b96e1ab97ce403110664 -> 
  custom:audio-decoder-ogg-vorbis: bf7c407c2cedff20999df2af8eb42d56 -> 
  custom:audio-encoder-webm-vorbis: bf7c407c2cedff20999df2af8eb42d56 -> 
========================================================================
Received Prepare
Begin MonoManager ReloadAssembly
- Loaded All Assemblies, in  0.425 seconds
Refreshing native plugins compatible for Editor in 1.34 ms, found 0 plugins.
Native extension for LinuxStandalone target not found
Native extension for WindowsStandalone target not found
Native extension for Android target not found
Native extension for OSXStandalone target not found
Mono: successfully reloaded assembly
- Finished resetting the current domain, in  0.901 seconds
Domain Reload Profiling: 1326ms
	BeginReloadAssembly (141ms)
		ExecutionOrderSort (0ms)
		DisableScriptedObjects (12ms)
		BackupInstance (0ms)
		ReleaseScriptingObjects (0ms)
		CreateAndSetChildDomain (38ms)
	RebuildCommonClasses (38ms)
	RebuildNativeTypeToScriptingClass (10ms)
	initialDomainReloadingComplete (33ms)
	LoadAllAssembliesAndSetupDomain (202ms)
		LoadAssemblies (246ms)
		RebuildTransferFunctionScriptingTraits (0ms)
		AnalyzeDomain (12ms)
			TypeCache.Refresh (5ms)
				TypeCache.ScanAssembly (0ms)
			ScanForSourceGeneratedMonoScriptInfo (0ms)
			ResolveRequiredComponents (6ms)
	FinalizeReload (902ms)
		ReleaseScriptCaches (0ms)
		RebuildScriptCaches (0ms)
		SetupLoadedEditorAssemblies (535ms)
			LogAssemblyErrors (0ms)
			InitializePlatformSupportModulesInManaged (76ms)
			SetLoadedEditorAssemblies (4ms)
			RefreshPlugins (0ms)
			BeforeProcessingInitializeOnLoad (66ms)
			ProcessInitializeOnLoadAttributes (357ms)
			ProcessInitializeOnLoadMethodAttributes (25ms)
			AfterProcessingInitializeOnLoad (7ms)
			EditorAssembliesLoaded (0ms)
		ExecutionOrderSort2 (0ms)
		AwakeInstancesAfterBackupRestoration (5ms)
Refreshing native plugins compatible for Editor in 1.43 ms, found 0 plugins.
Preloading 0 native plugins for Editor in 0.00 ms.
Unloading 3111 Unused Serialized files (Serialized files now loaded: 0)
Unloading 25 unused Assets / (31.6 KB). Loaded Objects now: 3623.
Memory consumption went from 132.0 MB to 132.0 MB.
Total: 3.938435 ms (FindLiveObjects: 0.232877 ms CreateObjectMapping: 0.059312 ms MarkObjects: 3.583600 ms  DeleteObjects: 0.061214 ms)

Prepare: number of updated asset objects reloaded= 0
AssetImportParameters requested are different than current active one (requested -> active):
  custom:container-demuxer-ogg: 62fdf1f143b41e24485cea50d1cbac27 -> 
  custom:video-decoder-ogg-theora: a1e56fd34408186e4bbccfd4996cb3dc -> 
  custom:CustomObjectIndexerAttribute: 232f87dd983dbecb2a4e21e08eb2cef8 -> 
  custom:container-demuxer-webm: 4f35f7cbe854078d1ac9338744f61a02 -> 
  custom:container-muxer-webm: aa71ff27fc2769a1b78a27578f13a17b -> 
  custom:video-decoder-webm-vp8: 9c59270c3fd7afecdb556c50c9e8de78 -> 
  custom:SearchIndexIgnoredProperties: e643bd26f0fe6173181afceb89e7c659 -> 
  custom:AudioImporter_EditorPlatform: 2f0ff77a95e0ac474e3e8eeba4e2f7cb -> 
  custom:video-encoder-webm-vp8: eb34c28f22e8b96e1ab97ce403110664 -> 
  custom:audio-decoder-ogg-vorbis: bf7c407c2cedff20999df2af8eb42d56 -> 
  custom:audio-encoder-webm-vorbis: bf7c407c2cedff20999df2af8eb42d56 -> 
========================================================================
Received Prepare
Begin MonoManager ReloadAssembly
- Loaded All Assemblies, in  0.390 seconds
Refreshing native plugins compatible for Editor in 1.42 ms, found 0 plugins.
Native extension for LinuxStandalone target not found
Native extension for WindowsStandalone target not found
Native extension for Android target not found
Native extension for OSXStandalone target not found
Mono: successfully reloaded assembly
- Finished resetting the current domain, in  0.955 seconds
Domain Reload Profiling: 1344ms
	BeginReloadAssembly (123ms)
		ExecutionOrderSort (0ms)
		DisableScriptedObjects (5ms)
		BackupInstance (0ms)
		ReleaseScriptingObjects (0ms)
		CreateAndSetChildDomain (34ms)
	RebuildCommonClasses (37ms)
	RebuildNativeTypeToScriptingClass (9ms)
	initialDomainReloadingComplete (30ms)
	LoadAllAssembliesAndSetupDomain (190ms)
		LoadAssemblies (231ms)
		RebuildTransferFunctionScriptingTraits (0ms)
		AnalyzeDomain (13ms)
			TypeCache.Refresh (5ms)
				TypeCache.ScanAssembly (0ms)
			ScanForSourceGeneratedMonoScriptInfo (0ms)
			ResolveRequiredComponents (6ms)
	FinalizeReload (955ms)
		ReleaseScriptCaches (0ms)
		RebuildScriptCaches (0ms)
		SetupLoadedEditorAssemblies (572ms)
			LogAssemblyErrors (0ms)
			InitializePlatformSupportModulesInManaged (76ms)
			SetLoadedEditorAssemblies (4ms)
			RefreshPlugins (0ms)
			BeforeProcessingInitializeOnLoad (66ms)
			ProcessInitializeOnLoadAttributes (395ms)
			ProcessInitializeOnLoadMethodAttributes (24ms)
			AfterProcessingInitializeOnLoad (7ms)
			EditorAssembliesLoaded (0ms)
		ExecutionOrderSort2 (0ms)
		AwakeInstancesAfterBackupRestoration (5ms)
Refreshing native plugins compatible for Editor in 1.37 ms, found 0 plugins.
Preloading 0 native plugins for Editor in 0.00 ms.
Unloading 3111 Unused Serialized files (Serialized files now loaded: 0)
Unloading 25 unused Assets / (31.5 KB). Loaded Objects now: 3626.
Memory consumption went from 132.0 MB to 132.0 MB.
Total: 4.162245 ms (FindLiveObjects: 0.237846 ms CreateObjectMapping: 0.070793 ms MarkObjects: 3.782443 ms  DeleteObjects: 0.069731 ms)

Prepare: number of updated asset objects reloaded= 0
AssetImportParameters requested are different than current active one (requested -> active):
  custom:container-demuxer-ogg: 62fdf1f143b41e24485cea50d1cbac27 -> 
  custom:video-decoder-ogg-theora: a1e56fd34408186e4bbccfd4996cb3dc -> 
  custom:CustomObjectIndexerAttribute: 232f87dd983dbecb2a4e21e08eb2cef8 -> 
  custom:container-demuxer-webm: 4f35f7cbe854078d1ac9338744f61a02 -> 
  custom:container-muxer-webm: aa71ff27fc2769a1b78a27578f13a17b -> 
  custom:video-decoder-webm-vp8: 9c59270c3fd7afecdb556c50c9e8de78 -> 
  custom:SearchIndexIgnoredProperties: e643bd26f0fe6173181afceb89e7c659 -> 
  custom:AudioImporter_EditorPlatform: 2f0ff77a95e0ac474e3e8eeba4e2f7cb -> 
  custom:video-encoder-webm-vp8: eb34c28f22e8b96e1ab97ce403110664 -> 
  custom:audio-decoder-ogg-vorbis: bf7c407c2cedff20999df2af8eb42d56 -> 
  custom:audio-encoder-webm-vorbis: bf7c407c2cedff20999df2af8eb42d56 -> 
========================================================================
Received Import Request.
  Time since last request: 367.113722 seconds.
  path: Assets/Prefabs/Planets/Earth.prefab
  artifactKey: Guid(f9a9d267f8136ca57bafc1cfd61cb03a) Importer(815301076,1909f56bfc062723c751e8b465ee728b)
Start importing Assets/Prefabs/Planets/Earth.prefab using Guid(f9a9d267f8136ca57bafc1cfd61cb03a) Importer(815301076,1909f56bfc062723c751e8b465ee728b) [PhysX] Initialized MultithreadedTaskDispatcher with 12 workers.
 -> (artifact id: 'ac7ade538d074a972dc2bf4b1834eae1') in 0.031852 seconds
Number of updated asset objects reloaded before import = 0
Number of asset objects unloaded after import = 19
========================================================================
Received Prepare
Begin MonoManager ReloadAssembly
- Loaded All Assemblies, in  0.409 seconds
Refreshing native plugins compatible for Editor in 1.29 ms, found 0 plugins.
Native extension for LinuxStandalone target not found
Native extension for WindowsStandalone target not found
Native extension for Android target not found
Native extension for OSXStandalone target not found
Mono: successfully reloaded assembly
- Finished resetting the current domain, in  0.946 seconds
Domain Reload Profiling: 1354ms
	BeginReloadAssembly (136ms)
		ExecutionOrderSort (0ms)
		DisableScriptedObjects (5ms)
		BackupInstance (0ms)
		ReleaseScriptingObjects (0ms)
		CreateAndSetChildDomain (46ms)
	RebuildCommonClasses (37ms)
	RebuildNativeTypeToScriptingClass (10ms)
	initialDomainReloadingComplete (31ms)
	LoadAllAssembliesAndSetupDomain (193ms)
		LoadAssemblies (236ms)
		RebuildTransferFunctionScriptingTraits (0ms)
		AnalyzeDomain (12ms)
			TypeCache.Refresh (5ms)
				TypeCache.ScanAssembly (0ms)
			ScanForSourceGeneratedMonoScriptInfo (0ms)
			ResolveRequiredComponents (6ms)
	FinalizeReload (947ms)
		ReleaseScriptCaches (0ms)
		RebuildScriptCaches (0ms)
		SetupLoadedEditorAssemblies (581ms)
			LogAssemblyErrors (0ms)
			InitializePlatformSupportModulesInManaged (69ms)
			SetLoadedEditorAssemblies (4ms)
			RefreshPlugins (0ms)
			BeforeProcessingInitializeOnLoad (69ms)
			ProcessInitializeOnLoadAttributes (400ms)
			ProcessInitializeOnLoadMethodAttributes (30ms)
			AfterProcessingInitializeOnLoad (9ms)
			EditorAssembliesLoaded (0ms)
		ExecutionOrderSort2 (0ms)
		AwakeInstancesAfterBackupRestoration (6ms)
Refreshing native plugins compatible for Editor in 1.26 ms, found 0 plugins.
Preloading 0 native plugins for Editor in 0.00 ms.
Unloading 3110 Unused Serialized files (Serialized files now loaded: 0)
Unloading 25 unused Assets / (31.6 KB). Loaded Objects now: 3629.
Memory consumption went from 131.7 MB to 131.7 MB.
Total: 9.588230 ms (FindLiveObjects: 0.235552 ms CreateObjectMapping: 0.067487 ms MarkObjects: 9.220791 ms  DeleteObjects: 0.062818 ms)

Prepare: number of updated asset objects reloaded= 0
AssetImportParameters requested are different than current active one (requested -> active):
  custom:container-demuxer-ogg: 62fdf1f143b41e24485cea50d1cbac27 -> 
  custom:video-decoder-ogg-theora: a1e56fd34408186e4bbccfd4996cb3dc -> 
  custom:CustomObjectIndexerAttribute: 232f87dd983dbecb2a4e21e08eb2cef8 -> 
  custom:container-demuxer-webm: 4f35f7cbe854078d1ac9338744f61a02 -> 
  custom:container-muxer-webm: aa71ff27fc2769a1b78a27578f13a17b -> 
  custom:video-decoder-webm-vp8: 9c59270c3fd7afecdb556c50c9e8de78 -> 
  custom:SearchIndexIgnoredProperties: e643bd26f0fe6173181afceb89e7c659 -> 
  custom:AudioImporter_EditorPlatform: 2f0ff77a95e0ac474e3e8eeba4e2f7cb -> 
  custom:video-encoder-webm-vp8: eb34c28f22e8b96e1ab97ce403110664 -> 
  custom:audio-decoder-ogg-vorbis: bf7c407c2cedff20999df2af8eb42d56 -> 
  custom:audio-encoder-webm-vorbis: bf7c407c2cedff20999df2af8eb42d56 -> 
========================================================================
Received Prepare
Begin MonoManager ReloadAssembly
- Loaded All Assemblies, in  0.422 seconds
Refreshing native plugins compatible for Editor in 1.41 ms, found 0 plugins.
Native extension for LinuxStandalone target not found
Native extension for WindowsStandalone target not found
Native extension for Android target not found
Native extension for OSXStandalone target not found
Mono: successfully reloaded assembly
- Finished resetting the current domain, in  0.854 seconds
Domain Reload Profiling: 1276ms
	BeginReloadAssembly (134ms)
		ExecutionOrderSort (0ms)
		DisableScriptedObjects (5ms)
		BackupInstance (0ms)
		ReleaseScriptingObjects (0ms)
		CreateAndSetChildDomain (45ms)
	RebuildCommonClasses (41ms)
	RebuildNativeTypeToScriptingClass (14ms)
	initialDomainReloadingComplete (30ms)
	LoadAllAssembliesAndSetupDomain (202ms)
		LoadAssemblies (233ms)
		RebuildTransferFunctionScriptingTraits (0ms)
		AnalyzeDomain (23ms)
			TypeCache.Refresh (8ms)
				TypeCache.ScanAssembly (0ms)
			ScanForSourceGeneratedMonoScriptInfo (8ms)
			ResolveRequiredComponents (6ms)
	FinalizeReload (855ms)
		ReleaseScriptCaches (0ms)
		RebuildScriptCaches (0ms)
		SetupLoadedEditorAssemblies (490ms)
			LogAssemblyErrors (0ms)
			InitializePlatformSupportModulesInManaged (58ms)
			SetLoadedEditorAssemblies (3ms)
			RefreshPlugins (0ms)
			BeforeProcessingInitializeOnLoad (63ms)
			ProcessInitializeOnLoadAttributes (334ms)
			ProcessInitializeOnLoadMethodAttributes (24ms)
			AfterProcessingInitializeOnLoad (7ms)
			EditorAssembliesLoaded (0ms)
		ExecutionOrderSort2 (0ms)
		AwakeInstancesAfterBackupRestoration (4ms)
Refreshing native plugins compatible for Editor in 1.21 ms, found 0 plugins.
Preloading 0 native plugins for Editor in 0.00 ms.
Unloading 3111 Unused Serialized files (Serialized files now loaded: 0)
Unloading 25 unused Assets / (31.6 KB). Loaded Objects now: 3632.
Memory consumption went from 132.0 MB to 132.0 MB.
Total: 3.633463 ms (FindLiveObjects: 0.207069 ms CreateObjectMapping: 0.058820 ms MarkObjects: 3.318794 ms  DeleteObjects: 0.047339 ms)

Prepare: number of updated asset objects reloaded= 0
AssetImportParameters requested are different than current active one (requested -> active):
  custom:container-demuxer-ogg: 62fdf1f143b41e24485cea50d1cbac27 -> 
  custom:video-decoder-ogg-theora: a1e56fd34408186e4bbccfd4996cb3dc -> 
  custom:CustomObjectIndexerAttribute: 232f87dd983dbecb2a4e21e08eb2cef8 -> 
  custom:container-demuxer-webm: 4f35f7cbe854078d1ac9338744f61a02 -> 
  custom:container-muxer-webm: aa71ff27fc2769a1b78a27578f13a17b -> 
  custom:video-decoder-webm-vp8: 9c59270c3fd7afecdb556c50c9e8de78 -> 
  custom:SearchIndexIgnoredProperties: e643bd26f0fe6173181afceb89e7c659 -> 
  custom:AudioImporter_EditorPlatform: 2f0ff77a95e0ac474e3e8eeba4e2f7cb -> 
  custom:video-encoder-webm-vp8: eb34c28f22e8b96e1ab97ce403110664 -> 
  custom:audio-decoder-ogg-vorbis: bf7c407c2cedff20999df2af8eb42d56 -> 
  custom:audio-encoder-webm-vorbis: bf7c407c2cedff20999df2af8eb42d56 -> 
========================================================================
Received Prepare
Begin MonoManager ReloadAssembly
- Loaded All Assemblies, in  0.454 seconds
Refreshing native plugins compatible for Editor in 1.37 ms, found 0 plugins.
Native extension for LinuxStandalone target not found
Native extension for WindowsStandalone target not found
Native extension for Android target not found
Native extension for OSXStandalone target not found
Mono: successfully reloaded assembly
- Finished resetting the current domain, in  0.837 seconds
Domain Reload Profiling: 1290ms
	BeginReloadAssembly (145ms)
		ExecutionOrderSort (0ms)
		DisableScriptedObjects (5ms)
		BackupInstance (0ms)
		ReleaseScriptingObjects (0ms)
		CreateAndSetChildDomain (35ms)
	RebuildCommonClasses (42ms)
	RebuildNativeTypeToScriptingClass (11ms)
	initialDomainReloadingComplete (31ms)
	LoadAllAssembliesAndSetupDomain (225ms)
		LoadAssemblies (269ms)
		RebuildTransferFunctionScriptingTraits (0ms)
		AnalyzeDomain (22ms)
			TypeCache.Refresh (8ms)
				TypeCache.ScanAssembly (0ms)
			ScanForSourceGeneratedMonoScriptInfo (8ms)
			ResolveRequiredComponents (6ms)
	FinalizeReload (838ms)
		ReleaseScriptCaches (0ms)
		RebuildScriptCaches (0ms)
		SetupLoadedEditorAssemblies (473ms)
			LogAssemblyErrors (0ms)
			InitializePlatformSupportModulesInManaged (60ms)
			SetLoadedEditorAssemblies (4ms)
			RefreshPlugins (0ms)
			BeforeProcessingInitializeOnLoad (60ms)
			ProcessInitializeOnLoadAttributes (320ms)
			ProcessInitializeOnLoadMethodAttributes (22ms)
			AfterProcessingInitializeOnLoad (7ms)
			EditorAssembliesLoaded (0ms)
		ExecutionOrderSort2 (0ms)
		AwakeInstancesAfterBackupRestoration (4ms)
Refreshing native plugins compatible for Editor in 1.25 ms, found 0 plugins.
Preloading 0 native plugins for Editor in 0.00 ms.
Unloading 3111 Unused Serialized files (Serialized files now loaded: 0)
Unloading 25 unused Assets / (31.5 KB). Loaded Objects now: 3635.
Memory consumption went from 132.0 MB to 132.0 MB.
Total: 3.666596 ms (FindLiveObjects: 0.243507 ms CreateObjectMapping: 0.062026 ms MarkObjects: 3.306841 ms  DeleteObjects: 0.052519 ms)

Prepare: number of updated asset objects reloaded= 0
AssetImportParameters requested are different than current active one (requested -> active):
  custom:container-demuxer-ogg: 62fdf1f143b41e24485cea50d1cbac27 -> 
  custom:video-decoder-ogg-theora: a1e56fd34408186e4bbccfd4996cb3dc -> 
  custom:CustomObjectIndexerAttribute: 232f87dd983dbecb2a4e21e08eb2cef8 -> 
  custom:container-demuxer-webm: 4f35f7cbe854078d1ac9338744f61a02 -> 
  custom:container-muxer-webm: aa71ff27fc2769a1b78a27578f13a17b -> 
  custom:video-decoder-webm-vp8: 9c59270c3fd7afecdb556c50c9e8de78 -> 
  custom:SearchIndexIgnoredProperties: e643bd26f0fe6173181afceb89e7c659 -> 
  custom:AudioImporter_EditorPlatform: 2f0ff77a95e0ac474e3e8eeba4e2f7cb -> 
  custom:video-encoder-webm-vp8: eb34c28f22e8b96e1ab97ce403110664 -> 
  custom:audio-decoder-ogg-vorbis: bf7c407c2cedff20999df2af8eb42d56 -> 
  custom:audio-encoder-webm-vorbis: bf7c407c2cedff20999df2af8eb42d56 -> 
========================================================================
Received Prepare
Begin MonoManager ReloadAssembly
- Loaded All Assemblies, in  0.392 seconds
Refreshing native plugins compatible for Editor in 1.25 ms, found 0 plugins.
Native extension for LinuxStandalone target not found
Native extension for WindowsStandalone target not found
Native extension for Android target not found
Native extension for OSXStandalone target not found
Mono: successfully reloaded assembly
- Finished resetting the current domain, in  0.889 seconds
Domain Reload Profiling: 1280ms
	BeginReloadAssembly (131ms)
		ExecutionOrderSort (0ms)
		DisableScriptedObjects (10ms)
		BackupInstance (0ms)
		ReleaseScriptingObjects (0ms)
		CreateAndSetChildDomain (40ms)
	RebuildCommonClasses (38ms)
	RebuildNativeTypeToScriptingClass (9ms)
	initialDomainReloadingComplete (30ms)
	LoadAllAssembliesAndSetupDomain (182ms)
		LoadAssemblies (222ms)
		RebuildTransferFunctionScriptingTraits (0ms)
		AnalyzeDomain (11ms)
			TypeCache.Refresh (5ms)
				TypeCache.ScanAssembly (0ms)
			ScanForSourceGeneratedMonoScriptInfo (0ms)
			ResolveRequiredComponents (5ms)
	FinalizeReload (889ms)
		ReleaseScriptCaches (0ms)
		RebuildScriptCaches (0ms)
		SetupLoadedEditorAssemblies (514ms)
			LogAssemblyErrors (0ms)
			InitializePlatformSupportModulesInManaged (63ms)
			SetLoadedEditorAssemblies (4ms)
			RefreshPlugins (0ms)
			BeforeProcessingInitializeOnLoad (65ms)
			ProcessInitializeOnLoadAttributes (352ms)
			ProcessInitializeOnLoadMethodAttributes (24ms)
			AfterProcessingInitializeOnLoad (7ms)
			EditorAssembliesLoaded (0ms)
		ExecutionOrderSort2 (0ms)
		AwakeInstancesAfterBackupRestoration (5ms)
Refreshing native plugins compatible for Editor in 1.28 ms, found 0 plugins.
Preloading 0 native plugins for Editor in 0.00 ms.
Unloading 3111 Unused Serialized files (Serialized files now loaded: 0)
Unloading 25 unused Assets / (31.6 KB). Loaded Objects now: 3638.
Memory consumption went from 132.0 MB to 132.0 MB.
Total: 4.203422 ms (FindLiveObjects: 0.232096 ms CreateObjectMapping: 0.059371 ms MarkObjects: 3.857383 ms  DeleteObjects: 0.053330 ms)

Prepare: number of updated asset objects reloaded= 0
AssetImportParameters requested are different than current active one (requested -> active):
  custom:container-demuxer-ogg: 62fdf1f143b41e24485cea50d1cbac27 -> 
  custom:video-decoder-ogg-theora: a1e56fd34408186e4bbccfd4996cb3dc -> 
  custom:CustomObjectIndexerAttribute: 232f87dd983dbecb2a4e21e08eb2cef8 -> 
  custom:container-demuxer-webm: 4f35f7cbe854078d1ac9338744f61a02 -> 
  custom:container-muxer-webm: aa71ff27fc2769a1b78a27578f13a17b -> 
  custom:video-decoder-webm-vp8: 9c59270c3fd7afecdb556c50c9e8de78 -> 
  custom:SearchIndexIgnoredProperties: e643bd26f0fe6173181afceb89e7c659 -> 
  custom:AudioImporter_EditorPlatform: 2f0ff77a95e0ac474e3e8eeba4e2f7cb -> 
  custom:video-encoder-webm-vp8: eb34c28f22e8b96e1ab97ce403110664 -> 
  custom:audio-decoder-ogg-vorbis: bf7c407c2cedff20999df2af8eb42d56 -> 
  custom:audio-encoder-webm-vorbis: bf7c407c2cedff20999df2af8eb42d56 -> 
========================================================================
Received Prepare
Begin MonoManager ReloadAssembly
- Loaded All Assemblies, in  0.488 seconds
Refreshing native plugins compatible for Editor in 1.37 ms, found 0 plugins.
Native extension for LinuxStandalone target not found
Native extension for WindowsStandalone target not found
Native extension for Android target not found
Native extension for OSXStandalone target not found
Mono: successfully reloaded assembly
- Finished resetting the current domain, in  0.896 seconds
Domain Reload Profiling: 1382ms
	BeginReloadAssembly (147ms)
		ExecutionOrderSort (0ms)
		DisableScriptedObjects (5ms)
		BackupInstance (0ms)
		ReleaseScriptingObjects (0ms)
		CreateAndSetChildDomain (47ms)
	RebuildCommonClasses (58ms)
	RebuildNativeTypeToScriptingClass (12ms)
	initialDomainReloadingComplete (43ms)
	LoadAllAssembliesAndSetupDomain (226ms)
		LoadAssemblies (266ms)
		RebuildTransferFunctionScriptingTraits (0ms)
		AnalyzeDomain (23ms)
			TypeCache.Refresh (8ms)
				TypeCache.ScanAssembly (0ms)
			ScanForSourceGeneratedMonoScriptInfo (8ms)
			ResolveRequiredComponents (6ms)
	FinalizeReload (897ms)
		ReleaseScriptCaches (0ms)
		RebuildScriptCaches (0ms)
		SetupLoadedEditorAssemblies (523ms)
			LogAssemblyErrors (0ms)
			InitializePlatformSupportModulesInManaged (76ms)
			SetLoadedEditorAssemblies (5ms)
			RefreshPlugins (0ms)
			BeforeProcessingInitializeOnLoad (66ms)
			ProcessInitializeOnLoadAttributes (349ms)
			ProcessInitializeOnLoadMethodAttributes (20ms)
			AfterProcessingInitializeOnLoad (6ms)
			EditorAssembliesLoaded (0ms)
		ExecutionOrderSort2 (0ms)
		AwakeInstancesAfterBackupRestoration (4ms)
Refreshing native plugins compatible for Editor in 1.19 ms, found 0 plugins.
Preloading 0 native plugins for Editor in 0.00 ms.
Unloading 3111 Unused Serialized files (Serialized files now loaded: 0)
Unloading 25 unused Assets / (31.6 KB). Loaded Objects now: 3641.
Memory consumption went from 132.0 MB to 132.0 MB.
Total: 3.770831 ms (FindLiveObjects: 0.207629 ms CreateObjectMapping: 0.058790 ms MarkObjects: 3.452505 ms  DeleteObjects: 0.050534 ms)

Prepare: number of updated asset objects reloaded= 0
AssetImportParameters requested are different than current active one (requested -> active):
  custom:container-demuxer-ogg: 62fdf1f143b41e24485cea50d1cbac27 -> 
  custom:video-decoder-ogg-theora: a1e56fd34408186e4bbccfd4996cb3dc -> 
  custom:CustomObjectIndexerAttribute: 232f87dd983dbecb2a4e21e08eb2cef8 -> 
  custom:container-demuxer-webm: 4f35f7cbe854078d1ac9338744f61a02 -> 
  custom:container-muxer-webm: aa71ff27fc2769a1b78a27578f13a17b -> 
  custom:video-decoder-webm-vp8: 9c59270c3fd7afecdb556c50c9e8de78 -> 
  custom:SearchIndexIgnoredProperties: e643bd26f0fe6173181afceb89e7c659 -> 
  custom:AudioImporter_EditorPlatform: 2f0ff77a95e0ac474e3e8eeba4e2f7cb -> 
  custom:video-encoder-webm-vp8: eb34c28f22e8b96e1ab97ce403110664 -> 
  custom:audio-decoder-ogg-vorbis: bf7c407c2cedff20999df2af8eb42d56 -> 
  custom:audio-encoder-webm-vorbis: bf7c407c2cedff20999df2af8eb42d56 -> 
========================================================================
Received Prepare
Begin MonoManager ReloadAssembly
- Loaded All Assemblies, in  0.408 seconds
Refreshing native plugins compatible for Editor in 1.27 ms, found 0 plugins.
Native extension for LinuxStandalone target not found
Native extension for WindowsStandalone target not found
Native extension for Android target not found
Native extension for OSXStandalone target not found
Mono: successfully reloaded assembly
- Finished resetting the current domain, in  0.882 seconds
Domain Reload Profiling: 1289ms
	BeginReloadAssembly (135ms)
		ExecutionOrderSort (0ms)
		DisableScriptedObjects (10ms)
		BackupInstance (0ms)
		ReleaseScriptingObjects (0ms)
		CreateAndSetChildDomain (43ms)
	RebuildCommonClasses (39ms)
	RebuildNativeTypeToScriptingClass (11ms)
	initialDomainReloadingComplete (30ms)
	LoadAllAssembliesAndSetupDomain (192ms)
		LoadAssemblies (232ms)
		RebuildTransferFunctionScriptingTraits (0ms)
		AnalyzeDomain (12ms)
			TypeCache.Refresh (5ms)
				TypeCache.ScanAssembly (0ms)
			ScanForSourceGeneratedMonoScriptInfo (0ms)
			ResolveRequiredComponents (6ms)
	FinalizeReload (882ms)
		ReleaseScriptCaches (0ms)
		RebuildScriptCaches (0ms)
		SetupLoadedEditorAssemblies (529ms)
			LogAssemblyErrors (0ms)
			InitializePlatformSupportModulesInManaged (64ms)
			SetLoadedEditorAssemblies (4ms)
			RefreshPlugins (0ms)
			BeforeProcessingInitializeOnLoad (67ms)
			ProcessInitializeOnLoadAttributes (362ms)
			ProcessInitializeOnLoadMethodAttributes (25ms)
			AfterProcessingInitializeOnLoad (7ms)
			EditorAssembliesLoaded (0ms)
		ExecutionOrderSort2 (0ms)
		AwakeInstancesAfterBackupRestoration (5ms)
Refreshing native plugins compatible for Editor in 1.38 ms, found 0 plugins.
Preloading 0 native plugins for Editor in 0.00 ms.
Unloading 3111 Unused Serialized files (Serialized files now loaded: 0)
Unloading 25 unused Assets / (31.6 KB). Loaded Objects now: 3644.
Memory consumption went from 132.0 MB to 132.0 MB.
Total: 4.182122 ms (FindLiveObjects: 0.258084 ms CreateObjectMapping: 0.084779 ms MarkObjects: 3.782663 ms  DeleteObjects: 0.054793 ms)

Prepare: number of updated asset objects reloaded= 0
AssetImportParameters requested are different than current active one (requested -> active):
  custom:container-demuxer-ogg: 62fdf1f143b41e24485cea50d1cbac27 -> 
  custom:video-decoder-ogg-theora: a1e56fd34408186e4bbccfd4996cb3dc -> 
  custom:CustomObjectIndexerAttribute: 232f87dd983dbecb2a4e21e08eb2cef8 -> 
  custom:container-demuxer-webm: 4f35f7cbe854078d1ac9338744f61a02 -> 
  custom:container-muxer-webm: aa71ff27fc2769a1b78a27578f13a17b -> 
  custom:video-decoder-webm-vp8: 9c59270c3fd7afecdb556c50c9e8de78 -> 
  custom:SearchIndexIgnoredProperties: e643bd26f0fe6173181afceb89e7c659 -> 
  custom:AudioImporter_EditorPlatform: 2f0ff77a95e0ac474e3e8eeba4e2f7cb -> 
  custom:video-encoder-webm-vp8: eb34c28f22e8b96e1ab97ce403110664 -> 
  custom:audio-decoder-ogg-vorbis: bf7c407c2cedff20999df2af8eb42d56 -> 
  custom:audio-encoder-webm-vorbis: bf7c407c2cedff20999df2af8eb42d56 -> 
========================================================================
Received Prepare
Begin MonoManager ReloadAssembly
- Loaded All Assemblies, in  0.480 seconds
Refreshing native plugins compatible for Editor in 1.45 ms, found 0 plugins.
Native extension for LinuxStandalone target not found
Native extension for WindowsStandalone target not found
Native extension for Android target not found
Native extension for OSXStandalone target not found
Mono: successfully reloaded assembly
- Finished resetting the current domain, in  0.885 seconds
Domain Reload Profiling: 1364ms
	BeginReloadAssembly (149ms)
		ExecutionOrderSort (0ms)
		DisableScriptedObjects (5ms)
		BackupInstance (0ms)
		ReleaseScriptingObjects (0ms)
		CreateAndSetChildDomain (45ms)
	RebuildCommonClasses (45ms)
	RebuildNativeTypeToScriptingClass (11ms)
	initialDomainReloadingComplete (35ms)
	LoadAllAssembliesAndSetupDomain (239ms)
		LoadAssemblies (277ms)
		RebuildTransferFunctionScriptingTraits (0ms)
		AnalyzeDomain (27ms)
			TypeCache.Refresh (9ms)
				TypeCache.ScanAssembly (0ms)
			ScanForSourceGeneratedMonoScriptInfo (9ms)
			ResolveRequiredComponents (8ms)
	FinalizeReload (885ms)
		ReleaseScriptCaches (0ms)
		RebuildScriptCaches (0ms)
		SetupLoadedEditorAssemblies (512ms)
			LogAssemblyErrors (0ms)
			InitializePlatformSupportModulesInManaged (65ms)
			SetLoadedEditorAssemblies (4ms)
			RefreshPlugins (0ms)
			BeforeProcessingInitializeOnLoad (65ms)
			ProcessInitializeOnLoadAttributes (348ms)
			ProcessInitializeOnLoadMethodAttributes (22ms)
			AfterProcessingInitializeOnLoad (7ms)
			EditorAssembliesLoaded (0ms)
		ExecutionOrderSort2 (0ms)
		AwakeInstancesAfterBackupRestoration (5ms)
Refreshing native plugins compatible for Editor in 1.28 ms, found 0 plugins.
Preloading 0 native plugins for Editor in 0.00 ms.
Unloading 3111 Unused Serialized files (Serialized files now loaded: 0)
Unloading 25 unused Assets / (31.5 KB). Loaded Objects now: 3647.
Memory consumption went from 132.0 MB to 132.0 MB.
Total: 4.668464 ms (FindLiveObjects: 0.261400 ms CreateObjectMapping: 0.073097 ms MarkObjects: 4.272131 ms  DeleteObjects: 0.060043 ms)

Prepare: number of updated asset objects reloaded= 0
AssetImportParameters requested are different than current active one (requested -> active):
  custom:container-demuxer-ogg: 62fdf1f143b41e24485cea50d1cbac27 -> 
  custom:video-decoder-ogg-theora: a1e56fd34408186e4bbccfd4996cb3dc -> 
  custom:CustomObjectIndexerAttribute: 232f87dd983dbecb2a4e21e08eb2cef8 -> 
  custom:container-demuxer-webm: 4f35f7cbe854078d1ac9338744f61a02 -> 
  custom:container-muxer-webm: aa71ff27fc2769a1b78a27578f13a17b -> 
  custom:video-decoder-webm-vp8: 9c59270c3fd7afecdb556c50c9e8de78 -> 
  custom:SearchIndexIgnoredProperties: e643bd26f0fe6173181afceb89e7c659 -> 
  custom:AudioImporter_EditorPlatform: 2f0ff77a95e0ac474e3e8eeba4e2f7cb -> 
  custom:video-encoder-webm-vp8: eb34c28f22e8b96e1ab97ce403110664 -> 
  custom:audio-decoder-ogg-vorbis: bf7c407c2cedff20999df2af8eb42d56 -> 
  custom:audio-encoder-webm-vorbis: bf7c407c2cedff20999df2af8eb42d56 -> 
========================================================================
Received Prepare
Begin MonoManager ReloadAssembly
- Loaded All Assemblies, in  0.422 seconds
Refreshing native plugins compatible for Editor in 1.30 ms, found 0 plugins.
Native extension for LinuxStandalone target not found
Native extension for WindowsStandalone target not found
Native extension for Android target not found
Native extension for OSXStandalone target not found
Mono: successfully reloaded assembly
- Finished resetting the current domain, in  0.855 seconds
Domain Reload Profiling: 1276ms
	BeginReloadAssembly (140ms)
		ExecutionOrderSort (0ms)
		DisableScriptedObjects (5ms)
		BackupInstance (0ms)
		ReleaseScriptingObjects (0ms)
		CreateAndSetChildDomain (44ms)
	RebuildCommonClasses (39ms)
	RebuildNativeTypeToScriptingClass (9ms)
	initialDomainReloadingComplete (31ms)
	LoadAllAssembliesAndSetupDomain (201ms)
		LoadAssemblies (232ms)
		RebuildTransferFunctionScriptingTraits (0ms)
		AnalyzeDomain (23ms)
			TypeCache.Refresh (8ms)
				TypeCache.ScanAssembly (0ms)
			ScanForSourceGeneratedMonoScriptInfo (8ms)
			ResolveRequiredComponents (6ms)
	FinalizeReload (856ms)
		ReleaseScriptCaches (0ms)
		RebuildScriptCaches (0ms)
		SetupLoadedEditorAssemblies (490ms)
			LogAssemblyErrors (0ms)
			InitializePlatformSupportModulesInManaged (70ms)
			SetLoadedEditorAssemblies (4ms)
			RefreshPlugins (0ms)
			BeforeProcessingInitializeOnLoad (65ms)
			ProcessInitializeOnLoadAttributes (323ms)
			ProcessInitializeOnLoadMethodAttributes (21ms)
			AfterProcessingInitializeOnLoad (7ms)
			EditorAssembliesLoaded (0ms)
		ExecutionOrderSort2 (0ms)
		AwakeInstancesAfterBackupRestoration (5ms)
Refreshing native plugins compatible for Editor in 1.21 ms, found 0 plugins.
Preloading 0 native plugins for Editor in 0.00 ms.
Unloading 3111 Unused Serialized files (Serialized files now loaded: 0)
Unloading 25 unused Assets / (31.6 KB). Loaded Objects now: 3650.
Memory consumption went from 132.0 MB to 132.0 MB.
Total: 4.908285 ms (FindLiveObjects: 0.282981 ms CreateObjectMapping: 0.100458 ms MarkObjects: 4.461056 ms  DeleteObjects: 0.062166 ms)

Prepare: number of updated asset objects reloaded= 0
AssetImportParameters requested are different than current active one (requested -> active):
  custom:container-demuxer-ogg: 62fdf1f143b41e24485cea50d1cbac27 -> 
  custom:video-decoder-ogg-theora: a1e56fd34408186e4bbccfd4996cb3dc -> 
  custom:CustomObjectIndexerAttribute: 232f87dd983dbecb2a4e21e08eb2cef8 -> 
  custom:container-demuxer-webm: 4f35f7cbe854078d1ac9338744f61a02 -> 
  custom:container-muxer-webm: aa71ff27fc2769a1b78a27578f13a17b -> 
  custom:video-decoder-webm-vp8: 9c59270c3fd7afecdb556c50c9e8de78 -> 
  custom:SearchIndexIgnoredProperties: e643bd26f0fe6173181afceb89e7c659 -> 
  custom:AudioImporter_EditorPlatform: 2f0ff77a95e0ac474e3e8eeba4e2f7cb -> 
  custom:video-encoder-webm-vp8: eb34c28f22e8b96e1ab97ce403110664 -> 
  custom:audio-decoder-ogg-vorbis: bf7c407c2cedff20999df2af8eb42d56 -> 
  custom:audio-encoder-webm-vorbis: bf7c407c2cedff20999df2af8eb42d56 -> 
========================================================================
Received Prepare
Begin MonoManager ReloadAssembly
- Loaded All Assemblies, in  0.425 seconds
Refreshing native plugins compatible for Editor in 1.40 ms, found 0 plugins.
Native extension for LinuxStandalone target not found
Native extension for WindowsStandalone target not found
Native extension for Android target not found
Native extension for OSXStandalone target not found
Mono: successfully reloaded assembly
- Finished resetting the current domain, in  0.924 seconds
Domain Reload Profiling: 1348ms
	BeginReloadAssembly (137ms)
		ExecutionOrderSort (0ms)
		DisableScriptedObjects (5ms)
		BackupInstance (0ms)
		ReleaseScriptingObjects (0ms)
		CreateAndSetChildDomain (38ms)
	RebuildCommonClasses (43ms)
	RebuildNativeTypeToScriptingClass (12ms)
	initialDomainReloadingComplete (38ms)
	LoadAllAssembliesAndSetupDomain (193ms)
		LoadAssemblies (237ms)
		RebuildTransferFunctionScriptingTraits (0ms)
		AnalyzeDomain (13ms)
			TypeCache.Refresh (6ms)
				TypeCache.ScanAssembly (0ms)
			ScanForSourceGeneratedMonoScriptInfo (0ms)
			ResolveRequiredComponents (6ms)
	FinalizeReload (925ms)
		ReleaseScriptCaches (0ms)
		RebuildScriptCaches (0ms)
		SetupLoadedEditorAssemblies (543ms)
			LogAssemblyErrors (0ms)
			InitializePlatformSupportModulesInManaged (63ms)
			SetLoadedEditorAssemblies (4ms)
			RefreshPlugins (0ms)
			BeforeProcessingInitializeOnLoad (67ms)
			ProcessInitializeOnLoadAttributes (375ms)
			ProcessInitializeOnLoadMethodAttributes (25ms)
			AfterProcessingInitializeOnLoad (7ms)
			EditorAssembliesLoaded (0ms)
		ExecutionOrderSort2 (0ms)
		AwakeInstancesAfterBackupRestoration (5ms)
Refreshing native plugins compatible for Editor in 1.42 ms, found 0 plugins.
Preloading 0 native plugins for Editor in 0.00 ms.
Unloading 3111 Unused Serialized files (Serialized files now loaded: 0)
Unloading 25 unused Assets / (31.6 KB). Loaded Objects now: 3653.
Memory consumption went from 132.0 MB to 132.0 MB.
Total: 3.793323 ms (FindLiveObjects: 0.228479 ms CreateObjectMapping: 0.060924 ms MarkObjects: 3.448687 ms  DeleteObjects: 0.053801 ms)

Prepare: number of updated asset objects reloaded= 0
AssetImportParameters requested are different than current active one (requested -> active):
  custom:container-demuxer-ogg: 62fdf1f143b41e24485cea50d1cbac27 -> 
  custom:video-decoder-ogg-theora: a1e56fd34408186e4bbccfd4996cb3dc -> 
  custom:CustomObjectIndexerAttribute: 232f87dd983dbecb2a4e21e08eb2cef8 -> 
  custom:container-demuxer-webm: 4f35f7cbe854078d1ac9338744f61a02 -> 
  custom:container-muxer-webm: aa71ff27fc2769a1b78a27578f13a17b -> 
  custom:video-decoder-webm-vp8: 9c59270c3fd7afecdb556c50c9e8de78 -> 
  custom:SearchIndexIgnoredProperties: e643bd26f0fe6173181afceb89e7c659 -> 
  custom:AudioImporter_EditorPlatform: 2f0ff77a95e0ac474e3e8eeba4e2f7cb -> 
  custom:video-encoder-webm-vp8: eb34c28f22e8b96e1ab97ce403110664 -> 
  custom:audio-decoder-ogg-vorbis: bf7c407c2cedff20999df2af8eb42d56 -> 
  custom:audio-encoder-webm-vorbis: bf7c407c2cedff20999df2af8eb42d56 -> 
========================================================================
Received Prepare
Begin MonoManager ReloadAssembly
- Loaded All Assemblies, in  0.412 seconds
Refreshing native plugins compatible for Editor in 1.87 ms, found 0 plugins.
Native extension for LinuxStandalone target not found
Native extension for WindowsStandalone target not found
Native extension for Android target not found
Native extension for OSXStandalone target not found
Mono: successfully reloaded assembly
- Finished resetting the current domain, in  0.922 seconds
Domain Reload Profiling: 1334ms
	BeginReloadAssembly (140ms)
		ExecutionOrderSort (0ms)
		DisableScriptedObjects (6ms)
		BackupInstance (0ms)
		ReleaseScriptingObjects (0ms)
		CreateAndSetChildDomain (35ms)
	RebuildCommonClasses (39ms)
	RebuildNativeTypeToScriptingClass (10ms)
	initialDomainReloadingComplete (30ms)
	LoadAllAssembliesAndSetupDomain (193ms)
		LoadAssemblies (232ms)
		RebuildTransferFunctionScriptingTraits (0ms)
		AnalyzeDomain (15ms)
			TypeCache.Refresh (6ms)
				TypeCache.ScanAssembly (0ms)
			ScanForSourceGeneratedMonoScriptInfo (0ms)
			ResolveRequiredComponents (7ms)
	FinalizeReload (923ms)
		ReleaseScriptCaches (0ms)
		RebuildScriptCaches (0ms)
		SetupLoadedEditorAssemblies (528ms)
			LogAssemblyErrors (0ms)
			InitializePlatformSupportModulesInManaged (71ms)
			SetLoadedEditorAssemblies (4ms)
			RefreshPlugins (0ms)
			BeforeProcessingInitializeOnLoad (64ms)
			ProcessInitializeOnLoadAttributes (358ms)
			ProcessInitializeOnLoadMethodAttributes (24ms)
			AfterProcessingInitializeOnLoad (7ms)
			EditorAssembliesLoaded (0ms)
		ExecutionOrderSort2 (0ms)
		AwakeInstancesAfterBackupRestoration (4ms)
Refreshing native plugins compatible for Editor in 1.35 ms, found 0 plugins.
Preloading 0 native plugins for Editor in 0.00 ms.
Unloading 3111 Unused Serialized files (Serialized files now loaded: 0)
Unloading 25 unused Assets / (31.6 KB). Loaded Objects now: 3656.
Memory consumption went from 132.0 MB to 132.0 MB.
Total: 4.191961 ms (FindLiveObjects: 0.220243 ms CreateObjectMapping: 0.107321 ms MarkObjects: 3.797601 ms  DeleteObjects: 0.065423 ms)

Prepare: number of updated asset objects reloaded= 0
AssetImportParameters requested are different than current active one (requested -> active):
  custom:container-demuxer-ogg: 62fdf1f143b41e24485cea50d1cbac27 -> 
  custom:video-decoder-ogg-theora: a1e56fd34408186e4bbccfd4996cb3dc -> 
  custom:CustomObjectIndexerAttribute: 232f87dd983dbecb2a4e21e08eb2cef8 -> 
  custom:container-demuxer-webm: 4f35f7cbe854078d1ac9338744f61a02 -> 
  custom:container-muxer-webm: aa71ff27fc2769a1b78a27578f13a17b -> 
  custom:video-decoder-webm-vp8: 9c59270c3fd7afecdb556c50c9e8de78 -> 
  custom:SearchIndexIgnoredProperties: e643bd26f0fe6173181afceb89e7c659 -> 
  custom:AudioImporter_EditorPlatform: 2f0ff77a95e0ac474e3e8eeba4e2f7cb -> 
  custom:video-encoder-webm-vp8: eb34c28f22e8b96e1ab97ce403110664 -> 
  custom:audio-decoder-ogg-vorbis: bf7c407c2cedff20999df2af8eb42d56 -> 
  custom:audio-encoder-webm-vorbis: bf7c407c2cedff20999df2af8eb42d56 -> 
========================================================================
Received Prepare
Begin MonoManager ReloadAssembly
- Loaded All Assemblies, in  0.427 seconds
Refreshing native plugins compatible for Editor in 1.34 ms, found 0 plugins.
Native extension for LinuxStandalone target not found
Native extension for WindowsStandalone target not found
Native extension for Android target not found
Native extension for OSXStandalone target not found
Mono: successfully reloaded assembly
- Finished resetting the current domain, in  0.923 seconds
Domain Reload Profiling: 1349ms
	BeginReloadAssembly (141ms)
		ExecutionOrderSort (0ms)
		DisableScriptedObjects (5ms)
		BackupInstance (0ms)
		ReleaseScriptingObjects (0ms)
		CreateAndSetChildDomain (43ms)
	RebuildCommonClasses (48ms)
	RebuildNativeTypeToScriptingClass (12ms)
	initialDomainReloadingComplete (32ms)
	LoadAllAssembliesAndSetupDomain (194ms)
		LoadAssemblies (233ms)
		RebuildTransferFunctionScriptingTraits (0ms)
		AnalyzeDomain (23ms)
			TypeCache.Refresh (8ms)
				TypeCache.ScanAssembly (0ms)
			ScanForSourceGeneratedMonoScriptInfo (8ms)
			ResolveRequiredComponents (6ms)
	FinalizeReload (923ms)
		ReleaseScriptCaches (0ms)
		RebuildScriptCaches (0ms)
		SetupLoadedEditorAssemblies (505ms)
			LogAssemblyErrors (0ms)
			InitializePlatformSupportModulesInManaged (71ms)
			SetLoadedEditorAssemblies (4ms)
			RefreshPlugins (0ms)
			BeforeProcessingInitializeOnLoad (69ms)
			ProcessInitializeOnLoadAttributes (333ms)
			ProcessInitializeOnLoadMethodAttributes (21ms)
			AfterProcessingInitializeOnLoad (6ms)
			EditorAssembliesLoaded (0ms)
		ExecutionOrderSort2 (0ms)
		AwakeInstancesAfterBackupRestoration (4ms)
Refreshing native plugins compatible for Editor in 1.25 ms, found 0 plugins.
Preloading 0 native plugins for Editor in 0.00 ms.
Unloading 3111 Unused Serialized files (Serialized files now loaded: 0)
Unloading 25 unused Assets / (31.6 KB). Loaded Objects now: 3659.
Memory consumption went from 132.0 MB to 132.0 MB.
Total: 3.766112 ms (FindLiveObjects: 0.252904 ms CreateObjectMapping: 0.071204 ms MarkObjects: 3.392421 ms  DeleteObjects: 0.048260 ms)

Prepare: number of updated asset objects reloaded= 0
AssetImportParameters requested are different than current active one (requested -> active):
  custom:container-demuxer-ogg: 62fdf1f143b41e24485cea50d1cbac27 -> 
  custom:video-decoder-ogg-theora: a1e56fd34408186e4bbccfd4996cb3dc -> 
  custom:CustomObjectIndexerAttribute: 232f87dd983dbecb2a4e21e08eb2cef8 -> 
  custom:container-demuxer-webm: 4f35f7cbe854078d1ac9338744f61a02 -> 
  custom:container-muxer-webm: aa71ff27fc2769a1b78a27578f13a17b -> 
  custom:video-decoder-webm-vp8: 9c59270c3fd7afecdb556c50c9e8de78 -> 
  custom:SearchIndexIgnoredProperties: e643bd26f0fe6173181afceb89e7c659 -> 
  custom:AudioImporter_EditorPlatform: 2f0ff77a95e0ac474e3e8eeba4e2f7cb -> 
  custom:video-encoder-webm-vp8: eb34c28f22e8b96e1ab97ce403110664 -> 
  custom:audio-decoder-ogg-vorbis: bf7c407c2cedff20999df2af8eb42d56 -> 
  custom:audio-encoder-webm-vorbis: bf7c407c2cedff20999df2af8eb42d56 -> 
========================================================================
Received Prepare
Refreshing native plugins compatible for Editor in 1.60 ms, found 0 plugins.
Preloading 0 native plugins for Editor in 0.00 ms.
Unloading 1 Unused Serialized files (Serialized files now loaded: 0)
Unloading 1 unused Assets / (3.0 KB). Loaded Objects now: 3659.
Memory consumption went from 83.5 MB to 83.5 MB.
Total: 14.006816 ms (FindLiveObjects: 0.236754 ms CreateObjectMapping: 0.080090 ms MarkObjects: 13.667811 ms  DeleteObjects: 0.021109 ms)

Prepare: number of updated asset objects reloaded= 0
AssetImportParameters requested are different than current active one (requested -> active):
  custom:container-demuxer-ogg: 62fdf1f143b41e24485cea50d1cbac27 -> 
  custom:video-decoder-ogg-theora: a1e56fd34408186e4bbccfd4996cb3dc -> 
  custom:CustomObjectIndexerAttribute: 232f87dd983dbecb2a4e21e08eb2cef8 -> 
  custom:container-demuxer-webm: 4f35f7cbe854078d1ac9338744f61a02 -> 
  custom:container-muxer-webm: aa71ff27fc2769a1b78a27578f13a17b -> 
  custom:video-decoder-webm-vp8: 9c59270c3fd7afecdb556c50c9e8de78 -> 
  custom:SearchIndexIgnoredProperties: e643bd26f0fe6173181afceb89e7c659 -> 
  custom:AudioImporter_EditorPlatform: 2f0ff77a95e0ac474e3e8eeba4e2f7cb -> 
  custom:video-encoder-webm-vp8: eb34c28f22e8b96e1ab97ce403110664 -> 
  custom:audio-decoder-ogg-vorbis: bf7c407c2cedff20999df2af8eb42d56 -> 
  custom:audio-encoder-webm-vorbis: bf7c407c2cedff20999df2af8eb42d56 -> 
========================================================================
Received Import Request.
  Time since last request: 1628.156979 seconds.
  path: Assets/UI
  artifactKey: Guid(1f9d438a007708ee4a4efbf095a8d643) Importer(815301076,1909f56bfc062723c751e8b465ee728b)
Start importing Assets/UI using Guid(1f9d438a007708ee4a4efbf095a8d643) Importer(815301076,1909f56bfc062723c751e8b465ee728b) [PhysX] Initialized MultithreadedTaskDispatcher with 12 workers.
 -> (artifact id: '295e8164c3de093c0712fb6ed64ef386') in 0.002116 seconds
Number of updated asset objects reloaded before import = 0
Number of asset objects unloaded after import = 0
========================================================================
Received Prepare
Begin MonoManager ReloadAssembly
- Loaded All Assemblies, in  0.461 seconds
Refreshing native plugins compatible for Editor in 1.32 ms, found 0 plugins.
Native extension for LinuxStandalone target not found
Native extension for WindowsStandalone target not found
Native extension for Android target not found
Native extension for OSXStandalone target not found
Mono: successfully reloaded assembly
- Finished resetting the current domain, in  0.931 seconds
Domain Reload Profiling: 1391ms
	BeginReloadAssembly (148ms)
		ExecutionOrderSort (0ms)
		DisableScriptedObjects (5ms)
		BackupInstance (0ms)
		ReleaseScriptingObjects (0ms)
		CreateAndSetChildDomain (37ms)
	RebuildCommonClasses (42ms)
	RebuildNativeTypeToScriptingClass (11ms)
	initialDomainReloadingComplete (33ms)
	LoadAllAssembliesAndSetupDomain (225ms)
		LoadAssemblies (269ms)
		RebuildTransferFunctionScriptingTraits (0ms)
		AnalyzeDomain (23ms)
			TypeCache.Refresh (8ms)
				TypeCache.ScanAssembly (0ms)
			ScanForSourceGeneratedMonoScriptInfo (8ms)
			ResolveRequiredComponents (6ms)
	FinalizeReload (931ms)
		ReleaseScriptCaches (0ms)
		RebuildScriptCaches (0ms)
		SetupLoadedEditorAssemblies (565ms)
			LogAssemblyErrors (0ms)
			InitializePlatformSupportModulesInManaged (66ms)
			SetLoadedEditorAssemblies (4ms)
			RefreshPlugins (0ms)
			BeforeProcessingInitializeOnLoad (65ms)
			ProcessInitializeOnLoadAttributes (397ms)
			ProcessInitializeOnLoadMethodAttributes (26ms)
			AfterProcessingInitializeOnLoad (7ms)
			EditorAssembliesLoaded (0ms)
		ExecutionOrderSort2 (0ms)
		AwakeInstancesAfterBackupRestoration (5ms)
Refreshing native plugins compatible for Editor in 1.28 ms, found 0 plugins.
Preloading 0 native plugins for Editor in 0.00 ms.
Unloading 3111 Unused Serialized files (Serialized files now loaded: 0)
Unloading 25 unused Assets / (31.6 KB). Loaded Objects now: 3663.
Memory consumption went from 131.8 MB to 131.7 MB.
Total: 4.028674 ms (FindLiveObjects: 0.294302 ms CreateObjectMapping: 0.079178 ms MarkObjects: 3.600602 ms  DeleteObjects: 0.052508 ms)

Prepare: number of updated asset objects reloaded= 0
AssetImportParameters requested are different than current active one (requested -> active):
  custom:container-demuxer-ogg: 62fdf1f143b41e24485cea50d1cbac27 -> 
  custom:video-decoder-ogg-theora: a1e56fd34408186e4bbccfd4996cb3dc -> 
  custom:CustomObjectIndexerAttribute: 232f87dd983dbecb2a4e21e08eb2cef8 -> 
  custom:container-demuxer-webm: 4f35f7cbe854078d1ac9338744f61a02 -> 
  custom:container-muxer-webm: aa71ff27fc2769a1b78a27578f13a17b -> 
  custom:video-decoder-webm-vp8: 9c59270c3fd7afecdb556c50c9e8de78 -> 
  custom:SearchIndexIgnoredProperties: e643bd26f0fe6173181afceb89e7c659 -> 
  custom:AudioImporter_EditorPlatform: 2f0ff77a95e0ac474e3e8eeba4e2f7cb -> 
  custom:video-encoder-webm-vp8: eb34c28f22e8b96e1ab97ce403110664 -> 
  custom:audio-decoder-ogg-vorbis: bf7c407c2cedff20999df2af8eb42d56 -> 
  custom:audio-encoder-webm-vorbis: bf7c407c2cedff20999df2af8eb42d56 -> 
========================================================================
Received Import Request.
  Time since last request: 262.908998 seconds.
  path: Assets/UI/Sci-Fi UI
  artifactKey: Guid(d9eb54f1a103b3483bc7e69cc7c8b645) Importer(815301076,1909f56bfc062723c751e8b465ee728b)
Start importing Assets/UI/Sci-Fi UI using Guid(d9eb54f1a103b3483bc7e69cc7c8b645) Importer(815301076,1909f56bfc062723c751e8b465ee728b) [PhysX] Initialized MultithreadedTaskDispatcher with 12 workers.
 -> (artifact id: '3946b1bd4bd785d1e0ae66fec364d7e4') in 0.001890 seconds
Number of updated asset objects reloaded before import = 0
Number of asset objects unloaded after import = 0
========================================================================
Received Import Request.
  Time since last request: 1.541025 seconds.
  path: Assets/UI/Sci-Fi UI/_SciFi_GUISkin_
  artifactKey: Guid(06c42dacf407f3641bbd9e9a3fa911eb) Importer(815301076,1909f56bfc062723c751e8b465ee728b)
Start importing Assets/UI/Sci-Fi UI/_SciFi_GUISkin_ using Guid(06c42dacf407f3641bbd9e9a3fa911eb) Importer(815301076,1909f56bfc062723c751e8b465ee728b) [PhysX] Initialized MultithreadedTaskDispatcher with 12 workers.
 -> (artifact id: 'b73c87dff03a7285e5c886d173b86d34') in 0.000381 seconds
Number of updated asset objects reloaded before import = 0
Number of asset objects unloaded after import = 0
========================================================================
Received Import Request.
  Time since last request: 0.557607 seconds.
  path: Assets/UI/Sci-Fi UI/Demo.unity
  artifactKey: Guid(13070929f2d2dc3468bb951653444db6) Importer(815301076,1909f56bfc062723c751e8b465ee728b)
Start importing Assets/UI/Sci-Fi UI/Demo.unity using Guid(13070929f2d2dc3468bb951653444db6) Importer(815301076,1909f56bfc062723c751e8b465ee728b) [PhysX] Initialized MultithreadedTaskDispatcher with 12 workers.
 -> (artifact id: '714693cef1a38c36f589a650d3347c6c') in 0.000430 seconds
Number of updated asset objects reloaded before import = 0
Number of asset objects unloaded after import = 0
========================================================================
Received Import Request.
  Time since last request: 18.847926 seconds.
  path: Assets/Scenes/SampleScene.unity
  artifactKey: Guid(9fc0d4010bbf28b4594072e72b8655ab) Importer(815301076,1909f56bfc062723c751e8b465ee728b)
Start importing Assets/Scenes/SampleScene.unity using Guid(9fc0d4010bbf28b4594072e72b8655ab) Importer(815301076,1909f56bfc062723c751e8b465ee728b) [PhysX] Initialized MultithreadedTaskDispatcher with 12 workers.
 -> (artifact id: '7d08dd31d7bb92434e597dd0d8c72369') in 0.000402 seconds
Number of updated asset objects reloaded before import = 0
Number of asset objects unloaded after import = 0
========================================================================
Received Prepare
Begin MonoManager ReloadAssembly
- Loaded All Assemblies, in  0.434 seconds
Refreshing native plugins compatible for Editor in 1.18 ms, found 0 plugins.
Native extension for LinuxStandalone target not found
Native extension for WindowsStandalone target not found
Native extension for Android target not found
Native extension for OSXStandalone target not found
Mono: successfully reloaded assembly
- Finished resetting the current domain, in  0.873 seconds
Domain Reload Profiling: 1306ms
	BeginReloadAssembly (136ms)
		ExecutionOrderSort (0ms)
		DisableScriptedObjects (5ms)
		BackupInstance (0ms)
		ReleaseScriptingObjects (0ms)
		CreateAndSetChildDomain (35ms)
	RebuildCommonClasses (39ms)
	RebuildNativeTypeToScriptingClass (10ms)
	initialDomainReloadingComplete (32ms)
	LoadAllAssembliesAndSetupDomain (215ms)
		LoadAssemblies (250ms)
		RebuildTransferFunctionScriptingTraits (0ms)
		AnalyzeDomain (23ms)
			TypeCache.Refresh (9ms)
				TypeCache.ScanAssembly (0ms)
			ScanForSourceGeneratedMonoScriptInfo (7ms)
			ResolveRequiredComponents (6ms)
	FinalizeReload (873ms)
		ReleaseScriptCaches (0ms)
		RebuildScriptCaches (0ms)
		SetupLoadedEditorAssemblies (503ms)
			LogAssemblyErrors (0ms)
			InitializePlatformSupportModulesInManaged (66ms)
			SetLoadedEditorAssemblies (4ms)
			RefreshPlugins (0ms)
			BeforeProcessingInitializeOnLoad (74ms)
			ProcessInitializeOnLoadAttributes (332ms)
			ProcessInitializeOnLoadMethodAttributes (20ms)
			AfterProcessingInitializeOnLoad (6ms)
			EditorAssembliesLoaded (0ms)
		ExecutionOrderSort2 (0ms)
		AwakeInstancesAfterBackupRestoration (4ms)
Refreshing native plugins compatible for Editor in 1.21 ms, found 0 plugins.
Preloading 0 native plugins for Editor in 0.00 ms.
Unloading 3111 Unused Serialized files (Serialized files now loaded: 0)
Unloading 25 unused Assets / (31.6 KB). Loaded Objects now: 3666.
Memory consumption went from 131.8 MB to 131.7 MB.
Total: 3.336317 ms (FindLiveObjects: 0.207639 ms CreateObjectMapping: 0.058791 ms MarkObjects: 3.027978 ms  DeleteObjects: 0.040606 ms)

Prepare: number of updated asset objects reloaded= 0
AssetImportParameters requested are different than current active one (requested -> active):
  custom:container-demuxer-ogg: 62fdf1f143b41e24485cea50d1cbac27 -> 
  custom:video-decoder-ogg-theora: a1e56fd34408186e4bbccfd4996cb3dc -> 
  custom:CustomObjectIndexerAttribute: 232f87dd983dbecb2a4e21e08eb2cef8 -> 
  custom:container-demuxer-webm: 4f35f7cbe854078d1ac9338744f61a02 -> 
  custom:container-muxer-webm: aa71ff27fc2769a1b78a27578f13a17b -> 
  custom:video-decoder-webm-vp8: 9c59270c3fd7afecdb556c50c9e8de78 -> 
  custom:SearchIndexIgnoredProperties: e643bd26f0fe6173181afceb89e7c659 -> 
  custom:AudioImporter_EditorPlatform: 2f0ff77a95e0ac474e3e8eeba4e2f7cb -> 
  custom:video-encoder-webm-vp8: eb34c28f22e8b96e1ab97ce403110664 -> 
  custom:audio-decoder-ogg-vorbis: bf7c407c2cedff20999df2af8eb42d56 -> 
  custom:audio-encoder-webm-vorbis: bf7c407c2cedff20999df2af8eb42d56 -> 
========================================================================
Received Import Request.
  Time since last request: 31.162896 seconds.
  path: Assets/UI/Sci-Fi UI/Demo_Assets
  artifactKey: Guid(ff7d801fa96308741bce240131b16a0d) Importer(815301076,1909f56bfc062723c751e8b465ee728b)
Start importing Assets/UI/Sci-Fi UI/Demo_Assets using Guid(ff7d801fa96308741bce240131b16a0d) Importer(815301076,1909f56bfc062723c751e8b465ee728b) [PhysX] Initialized MultithreadedTaskDispatcher with 12 workers.
 -> (artifact id: '4202c97730b451c8a6c42407482fcd00') in 0.001464 seconds
Number of updated asset objects reloaded before import = 0
Number of asset objects unloaded after import = 0
========================================================================
Received Import Request.
  Time since last request: 1.344277 seconds.
  path: Assets/UI/Sci-Fi UI/Demo_Assets/background
  artifactKey: Guid(73e1f08129ab18d4e98067b118681893) Importer(815301076,1909f56bfc062723c751e8b465ee728b)
Start importing Assets/UI/Sci-Fi UI/Demo_Assets/background using Guid(73e1f08129ab18d4e98067b118681893) Importer(815301076,1909f56bfc062723c751e8b465ee728b) [PhysX] Initialized MultithreadedTaskDispatcher with 12 workers.
 -> (artifact id: '66b66e90b39b2b9324bd265c01102d2f') in 0.000795 seconds
Number of updated asset objects reloaded before import = 0
Number of asset objects unloaded after import = 0
========================================================================
Received Import Request.
  Time since last request: 0.041902 seconds.
  path: Assets/UI/Sci-Fi UI/Demo_Assets/background/Space.tga.jpg
  artifactKey: Guid(b76b8b216adf64f4bbdb78f7977f0310) Importer(815301076,1909f56bfc062723c751e8b465ee728b)
Start importing Assets/UI/Sci-Fi UI/Demo_Assets/background/Space.tga.jpg using Guid(b76b8b216adf64f4bbdb78f7977f0310) Importer(815301076,1909f56bfc062723c751e8b465ee728b) [PhysX] Initialized MultithreadedTaskDispatcher with 12 workers.
[PhysX] Initialized MultithreadedTaskDispatcher with 12 workers.
 -> (artifact id: '0f80a19e08a1c08d40869652d7a239e2') in 0.096727 seconds
Number of updated asset objects reloaded before import = 0
Number of asset objects unloaded after import = 3
========================================================================
Received Import Request.
  Time since last request: 4.418353 seconds.
  path: Assets/UI/Sci-Fi UI/Demo_Assets/background/Materials
  artifactKey: Guid(6344072ec2ee999459b1bb69c8d74dff) Importer(815301076,1909f56bfc062723c751e8b465ee728b)
Start importing Assets/UI/Sci-Fi UI/Demo_Assets/background/Materials using Guid(6344072ec2ee999459b1bb69c8d74dff) Importer(815301076,1909f56bfc062723c751e8b465ee728b) [PhysX] Initialized MultithreadedTaskDispatcher with 12 workers.
 -> (artifact id: 'd4f8fbc8e91cd82e0828a8d5f82eefd4') in 0.000456 seconds
Number of updated asset objects reloaded before import = 0
Number of asset objects unloaded after import = 0
========================================================================
Received Import Request.
  Time since last request: 0.045302 seconds.
  path: Assets/UI/Sci-Fi UI/Demo_Assets/background/Materials/Space.tga.mat
  artifactKey: Guid(1a46a2cb5f7726f4eb70be3b37a00f06) Importer(815301076,1909f56bfc062723c751e8b465ee728b)
Start importing Assets/UI/Sci-Fi UI/Demo_Assets/background/Materials/Space.tga.mat using Guid(1a46a2cb5f7726f4eb70be3b37a00f06) Importer(815301076,1909f56bfc062723c751e8b465ee728b) [PhysX] Initialized MultithreadedTaskDispatcher with 12 workers.
[PhysX] Initialized MultithreadedTaskDispatcher with 12 workers.
 -> (artifact id: '3a5fcd14bc9f55081036410992c69ad4') in 0.042674 seconds
Number of updated asset objects reloaded before import = 0
Number of asset objects unloaded after import = 2
========================================================================
Received Import Request.
  Time since last request: 2.792157 seconds.
  path: Assets/UI/Sci-Fi UI/Demo_Assets/scripts
  artifactKey: Guid(8c7dc059ef53b1f4f841f561138c81b0) Importer(815301076,1909f56bfc062723c751e8b465ee728b)
Start importing Assets/UI/Sci-Fi UI/Demo_Assets/scripts using Guid(8c7dc059ef53b1f4f841f561138c81b0) Importer(815301076,1909f56bfc062723c751e8b465ee728b) [PhysX] Initialized MultithreadedTaskDispatcher with 12 workers.
 -> (artifact id: 'd96733366f5c2e3b79f3e9db80e47337') in 0.000366 seconds
Number of updated asset objects reloaded before import = 0
Number of asset objects unloaded after import = 0
========================================================================
Received Import Request.
  Time since last request: 10.494154 seconds.
  path: Assets/UI/Sci-Fi UI/_SciFi_GUISkin_/atlas.png
  artifactKey: Guid(56d84991286850f428b4e7df0cca7380) Importer(815301076,1909f56bfc062723c751e8b465ee728b)
Start importing Assets/UI/Sci-Fi UI/_SciFi_GUISkin_/atlas.png using Guid(56d84991286850f428b4e7df0cca7380) Importer(815301076,1909f56bfc062723c751e8b465ee728b) [PhysX] Initialized MultithreadedTaskDispatcher with 12 workers.
WARNING: RGBA Compressed ASTC6X6 sRGB format is not supported, decompressing texture
[PhysX] Initialized MultithreadedTaskDispatcher with 12 workers.
 -> (artifact id: '1865630d319dff4f8eae40e3ec7feb0b') in 0.115645 seconds
Number of updated asset objects reloaded before import = 0
Number of asset objects unloaded after import = 34
========================================================================
Received Import Request.
  Time since last request: 8.218134 seconds.
  path: Assets/UI/Sci-Fi UI/_SciFi_GUISkin_/Skin_Assets
  artifactKey: Guid(dafdb930eb2c9ce49b62ad74b5183028) Importer(815301076,1909f56bfc062723c751e8b465ee728b)
Start importing Assets/UI/Sci-Fi UI/_SciFi_GUISkin_/Skin_Assets using Guid(dafdb930eb2c9ce49b62ad74b5183028) Importer(815301076,1909f56bfc062723c751e8b465ee728b) [PhysX] Initialized MultithreadedTaskDispatcher with 12 workers.
 -> (artifact id: '22ac89a0aee4051b04f5556ea091ddf6') in 0.000386 seconds
Number of updated asset objects reloaded before import = 0
Number of asset objects unloaded after import = 0
========================================================================
Received Import Request.
  Time since last request: 1.308011 seconds.
  path: Assets/UI/Sci-Fi UI/_SciFi_GUISkin_/Skin_Assets/bars
  artifactKey: Guid(7cb393dfb810db04ea1aba63d9647033) Importer(815301076,1909f56bfc062723c751e8b465ee728b)
Start importing Assets/UI/Sci-Fi UI/_SciFi_GUISkin_/Skin_Assets/bars using Guid(7cb393dfb810db04ea1aba63d9647033) Importer(815301076,1909f56bfc062723c751e8b465ee728b) [PhysX] Initialized MultithreadedTaskDispatcher with 12 workers.
 -> (artifact id: 'dc3645bf1ddbc037eec6be6c24aecab3') in 0.000460 seconds
Number of updated asset objects reloaded before import = 0
Number of asset objects unloaded after import = 0
========================================================================
Received Import Request.
  Time since last request: 0.034757 seconds.
  path: Assets/UI/Sci-Fi UI/_SciFi_GUISkin_/Skin_Assets/bars/bar_blue.png
  artifactKey: Guid(ba523fd85bea1e448944fe8cabed4b59) Importer(815301076,1909f56bfc062723c751e8b465ee728b)
Start importing Assets/UI/Sci-Fi UI/_SciFi_GUISkin_/Skin_Assets/bars/bar_blue.png using Guid(ba523fd85bea1e448944fe8cabed4b59) Importer(815301076,1909f56bfc062723c751e8b465ee728b) [PhysX] Initialized MultithreadedTaskDispatcher with 12 workers.
WARNING: RGBA Compressed ASTC6X6 sRGB format is not supported, decompressing texture
[PhysX] Initialized MultithreadedTaskDispatcher with 12 workers.
 -> (artifact id: 'aae1693c6ab306b5cb230f48d4bb145e') in 0.006826 seconds
Number of updated asset objects reloaded before import = 0
Number of asset objects unloaded after import = 2
========================================================================
Received Import Request.
  Time since last request: 0.073606 seconds.
  path: Assets/UI/Sci-Fi UI/_SciFi_GUISkin_/Skin_Assets/bars/bar_green1.png
  artifactKey: Guid(55e7fefcb1252564e83b96186b0c9fdb) Importer(815301076,1909f56bfc062723c751e8b465ee728b)
Start importing Assets/UI/Sci-Fi UI/_SciFi_GUISkin_/Skin_Assets/bars/bar_green1.png using Guid(55e7fefcb1252564e83b96186b0c9fdb) Importer(815301076,1909f56bfc062723c751e8b465ee728b) [PhysX] Initialized MultithreadedTaskDispatcher with 12 workers.
WARNING: RGBA Compressed ASTC6X6 sRGB format is not supported, decompressing texture
[PhysX] Initialized MultithreadedTaskDispatcher with 12 workers.
 -> (artifact id: 'e9736b3e042a0b296e00365d46432639') in 0.010950 seconds
Number of updated asset objects reloaded before import = 0
Number of asset objects unloaded after import = 2
========================================================================
Received Import Request.
  Time since last request: 0.000076 seconds.
  path: Assets/UI/Sci-Fi UI/_SciFi_GUISkin_/Skin_Assets/bars/bar_green.png
  artifactKey: Guid(0cfd497c8bf3fde418beb3fec21b33e1) Importer(815301076,1909f56bfc062723c751e8b465ee728b)
Start importing Assets/UI/Sci-Fi UI/_SciFi_GUISkin_/Skin_Assets/bars/bar_green.png using Guid(0cfd497c8bf3fde418beb3fec21b33e1) Importer(815301076,1909f56bfc062723c751e8b465ee728b) [PhysX] Initialized MultithreadedTaskDispatcher with 12 workers.
WARNING: RGBA Compressed ASTC6X6 sRGB format is not supported, decompressing texture
[PhysX] Initialized MultithreadedTaskDispatcher with 12 workers.
 -> (artifact id: '30f94a777a82bbf3e4606f5d1d88f2c8') in 0.007261 seconds
Number of updated asset objects reloaded before import = 0
Number of asset objects unloaded after import = 2
========================================================================
Received Import Request.
  Time since last request: 7.627448 seconds.
  path: Assets/UI/Sci-Fi UI/_SciFi_GUISkin_/Skin_Assets/buttons
  artifactKey: Guid(7916cd3fc7621524ab888d9cae92c327) Importer(815301076,1909f56bfc062723c751e8b465ee728b)
Start importing Assets/UI/Sci-Fi UI/_SciFi_GUISkin_/Skin_Assets/buttons using Guid(7916cd3fc7621524ab888d9cae92c327) Importer(815301076,1909f56bfc062723c751e8b465ee728b) [PhysX] Initialized MultithreadedTaskDispatcher with 12 workers.
 -> (artifact id: 'abd78b7ad9089b38a17dcf629118da67') in 0.000427 seconds
Number of updated asset objects reloaded before import = 0
Number of asset objects unloaded after import = 0
========================================================================
Received Import Request.
  Time since last request: 0.026579 seconds.
  path: Assets/UI/Sci-Fi UI/_SciFi_GUISkin_/Skin_Assets/buttons/bullets.png
  artifactKey: Guid(fcab35236e33438448805a9211b0cc19) Importer(815301076,1909f56bfc062723c751e8b465ee728b)
Start importing Assets/UI/Sci-Fi UI/_SciFi_GUISkin_/Skin_Assets/buttons/bullets.png using Guid(fcab35236e33438448805a9211b0cc19) Importer(815301076,1909f56bfc062723c751e8b465ee728b) [PhysX] Initialized MultithreadedTaskDispatcher with 12 workers.
WARNING: RGBA Compressed ASTC6X6 sRGB format is not supported, decompressing texture
[PhysX] Initialized MultithreadedTaskDispatcher with 12 workers.
 -> (artifact id: 'c74d8d4a434def32ed5d9806e940ae6b') in 0.013707 seconds
Number of updated asset objects reloaded before import = 0
Number of asset objects unloaded after import = 2
========================================================================
Received Import Request.
  Time since last request: 0.000514 seconds.
  path: Assets/UI/Sci-Fi UI/_SciFi_GUISkin_/Skin_Assets/buttons/button_pushed.png
  artifactKey: Guid(03cbfa7fbded80a479f24add4a997757) Importer(815301076,1909f56bfc062723c751e8b465ee728b)
Start importing Assets/UI/Sci-Fi UI/_SciFi_GUISkin_/Skin_Assets/buttons/button_pushed.png using Guid(03cbfa7fbded80a479f24add4a997757) Importer(815301076,1909f56bfc062723c751e8b465ee728b) [PhysX] Initialized MultithreadedTaskDispatcher with 12 workers.
WARNING: RGBA Compressed ASTC6X6 sRGB format is not supported, decompressing texture
[PhysX] Initialized MultithreadedTaskDispatcher with 12 workers.
 -> (artifact id: '0612b1cb6558a88e41e34f91799a7752') in 0.009445 seconds
Number of updated asset objects reloaded before import = 0
Number of asset objects unloaded after import = 2
========================================================================
Received Import Request.
  Time since last request: 0.000038 seconds.
  path: Assets/UI/Sci-Fi UI/_SciFi_GUISkin_/Skin_Assets/buttons/pause.png
  artifactKey: Guid(379c45e0c5ba5e54e8df03f52e4c7680) Importer(815301076,1909f56bfc062723c751e8b465ee728b)
Start importing Assets/UI/Sci-Fi UI/_SciFi_GUISkin_/Skin_Assets/buttons/pause.png using Guid(379c45e0c5ba5e54e8df03f52e4c7680) Importer(815301076,1909f56bfc062723c751e8b465ee728b) [PhysX] Initialized MultithreadedTaskDispatcher with 12 workers.
WARNING: RGBA Compressed ASTC6X6 sRGB format is not supported, decompressing texture
[PhysX] Initialized MultithreadedTaskDispatcher with 12 workers.
 -> (artifact id: '2733332e9ce34d3e7d692a33fd51ba2c') in 0.007526 seconds
Number of updated asset objects reloaded before import = 0
Number of asset objects unloaded after import = 2
========================================================================
Received Import Request.
  Time since last request: 12.980369 seconds.
  path: Assets/UI/Sci-Fi UI/_SciFi_GUISkin_/Skin_Assets/font
  artifactKey: Guid(12b4ebcbc4e1ee143bb0b1262a025116) Importer(815301076,1909f56bfc062723c751e8b465ee728b)
Start importing Assets/UI/Sci-Fi UI/_SciFi_GUISkin_/Skin_Assets/font using Guid(12b4ebcbc4e1ee143bb0b1262a025116) Importer(815301076,1909f56bfc062723c751e8b465ee728b) [PhysX] Initialized MultithreadedTaskDispatcher with 12 workers.
 -> (artifact id: '2d6de1308658de38265250c1da21e731') in 0.000434 seconds
Number of updated asset objects reloaded before import = 0
Number of asset objects unloaded after import = 0
========================================================================
Received Import Request.
  Time since last request: 0.126144 seconds.
  path: Assets/UI/Sci-Fi UI/_SciFi_GUISkin_/Skin_Assets/font/zekton free.ttf
  artifactKey: Guid(8297a2bf97dbbba468bd2518d003a876) Importer(815301076,1909f56bfc062723c751e8b465ee728b)
Start importing Assets/UI/Sci-Fi UI/_SciFi_GUISkin_/Skin_Assets/font/zekton free.ttf using Guid(8297a2bf97dbbba468bd2518d003a876) Importer(815301076,1909f56bfc062723c751e8b465ee728b) [PhysX] Initialized MultithreadedTaskDispatcher with 12 workers.
[PhysX] Initialized MultithreadedTaskDispatcher with 12 workers.
[PhysX] Initialized MultithreadedTaskDispatcher with 12 workers.
 -> (artifact id: '82baf44bcf2654448b38bdacaf2bdbb4') in 0.036712 seconds
Number of updated asset objects reloaded before import = 0
Number of asset objects unloaded after import = 4
========================================================================
Received Import Request.
  Time since last request: 3.052837 seconds.
  path: Assets/UI/Sci-Fi UI/_SciFi_GUISkin_/Skin_Assets/window
  artifactKey: Guid(856900e36ea72f24a9896ec2db21a71e) Importer(815301076,1909f56bfc062723c751e8b465ee728b)
Start importing Assets/UI/Sci-Fi UI/_SciFi_GUISkin_/Skin_Assets/window using Guid(856900e36ea72f24a9896ec2db21a71e) Importer(815301076,1909f56bfc062723c751e8b465ee728b) [PhysX] Initialized MultithreadedTaskDispatcher with 12 workers.
 -> (artifact id: 'd37eff6d26cb8b5d53cf584dbfaf2f2f') in 0.000379 seconds
Number of updated asset objects reloaded before import = 0
Number of asset objects unloaded after import = 0
========================================================================
Received Import Request.
  Time since last request: 0.054603 seconds.
  path: Assets/UI/Sci-Fi UI/_SciFi_GUISkin_/Skin_Assets/window/window_transparent.png
  artifactKey: Guid(06edc4e02f9c48647adfed0a778cb8aa) Importer(815301076,1909f56bfc062723c751e8b465ee728b)
Start importing Assets/UI/Sci-Fi UI/_SciFi_GUISkin_/Skin_Assets/window/window_transparent.png using Guid(06edc4e02f9c48647adfed0a778cb8aa) Importer(815301076,1909f56bfc062723c751e8b465ee728b) [PhysX] Initialized MultithreadedTaskDispatcher with 12 workers.
WARNING: RGBA Compressed ASTC6X6 sRGB format is not supported, decompressing texture
[PhysX] Initialized MultithreadedTaskDispatcher with 12 workers.
 -> (artifact id: 'c3ef83c2c1ef7a5ca4ba875df5715a93') in 0.023449 seconds
Number of updated asset objects reloaded before import = 0
Number of asset objects unloaded after import = 2
========================================================================
Received Prepare
Begin MonoManager ReloadAssembly
- Loaded All Assemblies, in  0.426 seconds
Refreshing native plugins compatible for Editor in 1.38 ms, found 0 plugins.
Native extension for LinuxStandalone target not found
Native extension for WindowsStandalone target not found
Native extension for Android target not found
Native extension for OSXStandalone target not found
Mono: successfully reloaded assembly
- Finished resetting the current domain, in  0.896 seconds
Domain Reload Profiling: 1321ms
	BeginReloadAssembly (141ms)
		ExecutionOrderSort (0ms)
		DisableScriptedObjects (5ms)
		BackupInstance (0ms)
		ReleaseScriptingObjects (0ms)
		CreateAndSetChildDomain (40ms)
	RebuildCommonClasses (41ms)
	RebuildNativeTypeToScriptingClass (10ms)
	initialDomainReloadingComplete (33ms)
	LoadAllAssembliesAndSetupDomain (200ms)
		LoadAssemblies (252ms)
		RebuildTransferFunctionScriptingTraits (0ms)
		AnalyzeDomain (13ms)
			TypeCache.Refresh (5ms)
				TypeCache.ScanAssembly (0ms)
			ScanForSourceGeneratedMonoScriptInfo (0ms)
			ResolveRequiredComponents (6ms)
	FinalizeReload (897ms)
		ReleaseScriptCaches (0ms)
		RebuildScriptCaches (0ms)
		SetupLoadedEditorAssemblies (532ms)
			LogAssemblyErrors (0ms)
			InitializePlatformSupportModulesInManaged (70ms)
			SetLoadedEditorAssemblies (4ms)
			RefreshPlugins (0ms)
			BeforeProcessingInitializeOnLoad (70ms)
			ProcessInitializeOnLoadAttributes (355ms)
			ProcessInitializeOnLoadMethodAttributes (25ms)
			AfterProcessingInitializeOnLoad (7ms)
			EditorAssembliesLoaded (0ms)
		ExecutionOrderSort2 (0ms)
		AwakeInstancesAfterBackupRestoration (5ms)
Refreshing native plugins compatible for Editor in 1.54 ms, found 0 plugins.
Preloading 0 native plugins for Editor in 0.00 ms.
Unloading 3111 Unused Serialized files (Serialized files now loaded: 0)
Unloading 25 unused Assets / (31.6 KB). Loaded Objects now: 3752.
Memory consumption went from 132.3 MB to 132.3 MB.
Total: 4.086213 ms (FindLiveObjects: 0.268564 ms CreateObjectMapping: 0.073177 ms MarkObjects: 3.691512 ms  DeleteObjects: 0.051687 ms)

Prepare: number of updated asset objects reloaded= 0
AssetImportParameters requested are different than current active one (requested -> active):
  custom:container-demuxer-ogg: 62fdf1f143b41e24485cea50d1cbac27 -> 
  custom:video-decoder-ogg-theora: a1e56fd34408186e4bbccfd4996cb3dc -> 
  custom:CustomObjectIndexerAttribute: 232f87dd983dbecb2a4e21e08eb2cef8 -> 
  custom:container-demuxer-webm: 4f35f7cbe854078d1ac9338744f61a02 -> 
  custom:container-muxer-webm: aa71ff27fc2769a1b78a27578f13a17b -> 
  custom:video-decoder-webm-vp8: 9c59270c3fd7afecdb556c50c9e8de78 -> 
  custom:SearchIndexIgnoredProperties: e643bd26f0fe6173181afceb89e7c659 -> 
  custom:AudioImporter_EditorPlatform: 2f0ff77a95e0ac474e3e8eeba4e2f7cb -> 
  custom:video-encoder-webm-vp8: eb34c28f22e8b96e1ab97ce403110664 -> 
  custom:audio-decoder-ogg-vorbis: bf7c407c2cedff20999df2af8eb42d56 -> 
  custom:audio-encoder-webm-vorbis: bf7c407c2cedff20999df2af8eb42d56 -> 
========================================================================
Received Prepare
Begin MonoManager ReloadAssembly
- Loaded All Assemblies, in  0.419 seconds
Refreshing native plugins compatible for Editor in 1.31 ms, found 0 plugins.
Native extension for LinuxStandalone target not found
Native extension for WindowsStandalone target not found
Native extension for Android target not found
Native extension for OSXStandalone target not found
Mono: successfully reloaded assembly
- Finished resetting the current domain, in  0.908 seconds
Domain Reload Profiling: 1326ms
	BeginReloadAssembly (129ms)
		ExecutionOrderSort (0ms)
		DisableScriptedObjects (5ms)
		BackupInstance (0ms)
		ReleaseScriptingObjects (0ms)
		CreateAndSetChildDomain (39ms)
	RebuildCommonClasses (39ms)
	RebuildNativeTypeToScriptingClass (11ms)
	initialDomainReloadingComplete (31ms)
	LoadAllAssembliesAndSetupDomain (208ms)
		LoadAssemblies (237ms)
		RebuildTransferFunctionScriptingTraits (0ms)
		AnalyzeDomain (25ms)
			TypeCache.Refresh (9ms)
				TypeCache.ScanAssembly (0ms)
			ScanForSourceGeneratedMonoScriptInfo (9ms)
			ResolveRequiredComponents (6ms)
	FinalizeReload (909ms)
		ReleaseScriptCaches (0ms)
		RebuildScriptCaches (0ms)
		SetupLoadedEditorAssemblies (546ms)
			LogAssemblyErrors (0ms)
			InitializePlatformSupportModulesInManaged (65ms)
			SetLoadedEditorAssemblies (6ms)
			RefreshPlugins (0ms)
			BeforeProcessingInitializeOnLoad (61ms)
			ProcessInitializeOnLoadAttributes (384ms)
			ProcessInitializeOnLoadMethodAttributes (23ms)
			AfterProcessingInitializeOnLoad (7ms)
			EditorAssembliesLoaded (0ms)
		ExecutionOrderSort2 (0ms)
		AwakeInstancesAfterBackupRestoration (4ms)
Refreshing native plugins compatible for Editor in 1.24 ms, found 0 plugins.
Preloading 0 native plugins for Editor in 0.00 ms.
Unloading 3113 Unused Serialized files (Serialized files now loaded: 0)
Unloading 25 unused Assets / (31.6 KB). Loaded Objects now: 3756.
Memory consumption went from 132.6 MB to 132.5 MB.
Total: 3.470849 ms (FindLiveObjects: 0.244318 ms CreateObjectMapping: 0.070031 ms MarkObjects: 3.113329 ms  DeleteObjects: 0.042420 ms)

Prepare: number of updated asset objects reloaded= 0
AssetImportParameters requested are different than current active one (requested -> active):
  custom:container-demuxer-ogg: 62fdf1f143b41e24485cea50d1cbac27 -> 
  custom:video-decoder-ogg-theora: a1e56fd34408186e4bbccfd4996cb3dc -> 
  custom:CustomObjectIndexerAttribute: 232f87dd983dbecb2a4e21e08eb2cef8 -> 
  custom:container-demuxer-webm: 4f35f7cbe854078d1ac9338744f61a02 -> 
  custom:container-muxer-webm: aa71ff27fc2769a1b78a27578f13a17b -> 
  custom:video-decoder-webm-vp8: 9c59270c3fd7afecdb556c50c9e8de78 -> 
  custom:SearchIndexIgnoredProperties: e643bd26f0fe6173181afceb89e7c659 -> 
  custom:AudioImporter_EditorPlatform: 2f0ff77a95e0ac474e3e8eeba4e2f7cb -> 
  custom:video-encoder-webm-vp8: eb34c28f22e8b96e1ab97ce403110664 -> 
  custom:audio-decoder-ogg-vorbis: bf7c407c2cedff20999df2af8eb42d56 -> 
  custom:audio-encoder-webm-vorbis: bf7c407c2cedff20999df2af8eb42d56 -> 
========================================================================
Received Import Request.
  Time since last request: 483.448349 seconds.
  path: Assets/UI/_Heathen Engineering
  artifactKey: Guid(6b14b8b4385d31157b0b85fbfc9bf943) Importer(815301076,1909f56bfc062723c751e8b465ee728b)
Start importing Assets/UI/_Heathen Engineering using Guid(6b14b8b4385d31157b0b85fbfc9bf943) Importer(815301076,1909f56bfc062723c751e8b465ee728b) [PhysX] Initialized MultithreadedTaskDispatcher with 12 workers.
 -> (artifact id: 'ecf6909a4298efc218dc5e35baf2f4e6') in 0.001948 seconds
Number of updated asset objects reloaded before import = 0
Number of asset objects unloaded after import = 0
========================================================================
Received Import Request.
  Time since last request: 2.190988 seconds.
  path: Assets/UI/_Heathen Engineering/Assets
  artifactKey: Guid(67bb46dfd509932429fc985052104b72) Importer(815301076,1909f56bfc062723c751e8b465ee728b)
Start importing Assets/UI/_Heathen Engineering/Assets using Guid(67bb46dfd509932429fc985052104b72) Importer(815301076,1909f56bfc062723c751e8b465ee728b) [PhysX] Initialized MultithreadedTaskDispatcher with 12 workers.
 -> (artifact id: 'a60775acbe12d8b05693a330ae322afa') in 0.000391 seconds
Number of updated asset objects reloaded before import = 0
Number of asset objects unloaded after import = 0
========================================================================
Received Import Request.
  Time since last request: 1.215707 seconds.
  path: Assets/UI/_Heathen Engineering/Assets/UX
  artifactKey: Guid(847642ab4c6075d4d934ce75df517885) Importer(815301076,1909f56bfc062723c751e8b465ee728b)
Start importing Assets/UI/_Heathen Engineering/Assets/UX using Guid(847642ab4c6075d4d934ce75df517885) Importer(815301076,1909f56bfc062723c751e8b465ee728b) [PhysX] Initialized MultithreadedTaskDispatcher with 12 workers.
 -> (artifact id: '67aac39df8d6296628f1fe5b72fce2e6') in 0.000657 seconds
Number of updated asset objects reloaded before import = 0
Number of asset objects unloaded after import = 0
========================================================================
Received Import Request.
  Time since last request: 0.043095 seconds.
  path: Assets/UI/_Heathen Engineering/Assets/UX/HeathenEngineering.UX.asmdef
  artifactKey: Guid(f5702ca0318eb1942af8daf18131f44d) Importer(815301076,1909f56bfc062723c751e8b465ee728b)
Start importing Assets/UI/_Heathen Engineering/Assets/UX/HeathenEngineering.UX.asmdef using Guid(f5702ca0318eb1942af8daf18131f44d) Importer(815301076,1909f56bfc062723c751e8b465ee728b) [PhysX] Initialized MultithreadedTaskDispatcher with 12 workers.
 -> (artifact id: 'da67d02ff1a6a5c267c3cc3cdacdfa20') in 0.000583 seconds
Number of updated asset objects reloaded before import = 0
Number of asset objects unloaded after import = 0
========================================================================
Received Import Request.
  Time since last request: 0.766540 seconds.
  path: Assets/UI/_Heathen Engineering/Assets/UX/Icons
  artifactKey: Guid(00431337d21e1ff4f80d7e6f0761c4ee) Importer(815301076,1909f56bfc062723c751e8b465ee728b)
Start importing Assets/UI/_Heathen Engineering/Assets/UX/Icons using Guid(00431337d21e1ff4f80d7e6f0761c4ee) Importer(815301076,1909f56bfc062723c751e8b465ee728b) [PhysX] Initialized MultithreadedTaskDispatcher with 12 workers.
 -> (artifact id: '5f7dfb957f224621b4372cc39821d8c9') in 0.000365 seconds
Number of updated asset objects reloaded before import = 0
Number of asset objects unloaded after import = 0
========================================================================
Received Import Request.
  Time since last request: 0.645650 seconds.
  path: Assets/UI/_Heathen Engineering/Assets/UX/Icons/Flat Icons [Free]
  artifactKey: Guid(15e6763d3d1ad8046889af0be1224f8e) Importer(815301076,1909f56bfc062723c751e8b465ee728b)
Start importing Assets/UI/_Heathen Engineering/Assets/UX/Icons/Flat Icons [Free] using Guid(15e6763d3d1ad8046889af0be1224f8e) Importer(815301076,1909f56bfc062723c751e8b465ee728b) [PhysX] Initialized MultithreadedTaskDispatcher with 12 workers.
 -> (artifact id: '1b0a280b0db6986a498256657f37f1fe') in 0.000605 seconds
Number of updated asset objects reloaded before import = 0
Number of asset objects unloaded after import = 0
========================================================================
Received Import Request.
  Time since last request: 0.042356 seconds.
  path: Assets/UI/_Heathen Engineering/Assets/UX/Icons/Flat Icons [Free]/Free Flat Arrow 1 E Icon.png
  artifactKey: Guid(b0b13fccedbbc0243acde6180912a042) Importer(815301076,1909f56bfc062723c751e8b465ee728b)
Start importing Assets/UI/_Heathen Engineering/Assets/UX/Icons/Flat Icons [Free]/Free Flat Arrow 1 E Icon.png using Guid(b0b13fccedbbc0243acde6180912a042) Importer(815301076,1909f56bfc062723c751e8b465ee728b) [PhysX] Initialized MultithreadedTaskDispatcher with 12 workers.
WARNING: RGBA Compressed ASTC6X6 sRGB format is not supported, decompressing texture
[PhysX] Initialized MultithreadedTaskDispatcher with 12 workers.
 -> (artifact id: '21d05db3941752ad2bdec384cfec2067') in 0.056538 seconds
Number of updated asset objects reloaded before import = 0
Number of asset objects unloaded after import = 3
========================================================================
Received Import Request.
  Time since last request: 0.025576 seconds.
  path: Assets/UI/_Heathen Engineering/Assets/UX/Icons/Flat Icons [Free]/Free Flat Arrow 1 S Icon.png
  artifactKey: Guid(d1c17021ca3abd240940b57bdb8a735b) Importer(815301076,1909f56bfc062723c751e8b465ee728b)
Start importing Assets/UI/_Heathen Engineering/Assets/UX/Icons/Flat Icons [Free]/Free Flat Arrow 1 S Icon.png using Guid(d1c17021ca3abd240940b57bdb8a735b) Importer(815301076,1909f56bfc062723c751e8b465ee728b) [PhysX] Initialized MultithreadedTaskDispatcher with 12 workers.
WARNING: RGBA Compressed ASTC6X6 sRGB format is not supported, decompressing texture
[PhysX] Initialized MultithreadedTaskDispatcher with 12 workers.
 -> (artifact id: '1a1be164f5328994327c510cb06704c8') in 0.007795 seconds
Number of updated asset objects reloaded before import = 0
Number of asset objects unloaded after import = 3
========================================================================
Received Import Request.
  Time since last request: 0.000150 seconds.
  path: Assets/UI/_Heathen Engineering/Assets/UX/Icons/Flat Icons [Free]/Free Flat Arrow 1 W Icon.png
  artifactKey: Guid(f1737b486a23f634bb246de79b8d4f4b) Importer(815301076,1909f56bfc062723c751e8b465ee728b)
Start importing Assets/UI/_Heathen Engineering/Assets/UX/Icons/Flat Icons [Free]/Free Flat Arrow 1 W Icon.png using Guid(f1737b486a23f634bb246de79b8d4f4b) Importer(815301076,1909f56bfc062723c751e8b465ee728b) [PhysX] Initialized MultithreadedTaskDispatcher with 12 workers.
WARNING: RGBA Compressed ASTC6X6 sRGB format is not supported, decompressing texture
[PhysX] Initialized MultithreadedTaskDispatcher with 12 workers.
 -> (artifact id: 'b64a2f26a8c0022a423d31c8fc71e660') in 0.008278 seconds
Number of updated asset objects reloaded before import = 0
Number of asset objects unloaded after import = 3
========================================================================
Received Import Request.
  Time since last request: 0.000379 seconds.
  path: Assets/UI/_Heathen Engineering/Assets/UX/Icons/Flat Icons [Free]/Free Flat Arrow 2 NE Icon.png
  artifactKey: Guid(dbd95e0b0a894e24c80c1feabe91c32b) Importer(815301076,1909f56bfc062723c751e8b465ee728b)
Start importing Assets/UI/_Heathen Engineering/Assets/UX/Icons/Flat Icons [Free]/Free Flat Arrow 2 NE Icon.png using Guid(dbd95e0b0a894e24c80c1feabe91c32b) Importer(815301076,1909f56bfc062723c751e8b465ee728b) [PhysX] Initialized MultithreadedTaskDispatcher with 12 workers.
WARNING: RGBA Compressed ASTC6X6 sRGB format is not supported, decompressing texture
[PhysX] Initialized MultithreadedTaskDispatcher with 12 workers.
 -> (artifact id: '4015ef3ce5068884acd40a4c7698d3fb') in 0.007667 seconds
Number of updated asset objects reloaded before import = 0
Number of asset objects unloaded after import = 3
========================================================================
Received Import Request.
  Time since last request: 0.000041 seconds.
  path: Assets/UI/_Heathen Engineering/Assets/UX/Icons/Flat Icons [Free]/Free Flat Arrow 5 E Icon.png
  artifactKey: Guid(00ed21c7ef7e3a44b94e06d4ac3927ae) Importer(815301076,1909f56bfc062723c751e8b465ee728b)
Start importing Assets/UI/_Heathen Engineering/Assets/UX/Icons/Flat Icons [Free]/Free Flat Arrow 5 E Icon.png using Guid(00ed21c7ef7e3a44b94e06d4ac3927ae) Importer(815301076,1909f56bfc062723c751e8b465ee728b) [PhysX] Initialized MultithreadedTaskDispatcher with 12 workers.
WARNING: RGBA Compressed ASTC6X6 sRGB format is not supported, decompressing texture
[PhysX] Initialized MultithreadedTaskDispatcher with 12 workers.
 -> (artifact id: '7e532cce5a6decea34cd30878a1026c7') in 0.008498 seconds
Number of updated asset objects reloaded before import = 0
Number of asset objects unloaded after import = 3
========================================================================
Received Import Request.
  Time since last request: 0.000146 seconds.
  path: Assets/UI/_Heathen Engineering/Assets/UX/Icons/Flat Icons [Free]/Free Flat Arrow 6 E Icon.png
  artifactKey: Guid(a46e79e029da1d346bafdc2c86ce723e) Importer(815301076,1909f56bfc062723c751e8b465ee728b)
Start importing Assets/UI/_Heathen Engineering/Assets/UX/Icons/Flat Icons [Free]/Free Flat Arrow 6 E Icon.png using Guid(a46e79e029da1d346bafdc2c86ce723e) Importer(815301076,1909f56bfc062723c751e8b465ee728b) [PhysX] Initialized MultithreadedTaskDispatcher with 12 workers.
WARNING: RGBA Compressed ASTC6X6 sRGB format is not supported, decompressing texture
[PhysX] Initialized MultithreadedTaskDispatcher with 12 workers.
 -> (artifact id: 'd7128c833a65588159b0c1a029f6868f') in 0.008678 seconds
Number of updated asset objects reloaded before import = 0
Number of asset objects unloaded after import = 3
========================================================================
Received Import Request.
  Time since last request: 0.000053 seconds.
  path: Assets/UI/_Heathen Engineering/Assets/UX/Icons/Flat Icons [Free]/Free Flat Arrow 6 SW Icon.png
  artifactKey: Guid(122305796e017fb4ea7f820bb04db8c1) Importer(815301076,1909f56bfc062723c751e8b465ee728b)
Start importing Assets/UI/_Heathen Engineering/Assets/UX/Icons/Flat Icons [Free]/Free Flat Arrow 6 SW Icon.png using Guid(122305796e017fb4ea7f820bb04db8c1) Importer(815301076,1909f56bfc062723c751e8b465ee728b) [PhysX] Initialized MultithreadedTaskDispatcher with 12 workers.
WARNING: RGBA Compressed ASTC6X6 sRGB format is not supported, decompressing texture
[PhysX] Initialized MultithreadedTaskDispatcher with 12 workers.
 -> (artifact id: '7a7b9e5daabbb3eb2f4e7b06c66bb651') in 0.009318 seconds
Number of updated asset objects reloaded before import = 0
Number of asset objects unloaded after import = 3
========================================================================
Received Import Request.
  Time since last request: 0.000065 seconds.
  path: Assets/UI/_Heathen Engineering/Assets/UX/Icons/Flat Icons [Free]/Free Flat Arrow 3 NW Icon.png
  artifactKey: Guid(0908671c4d9d28e4890451f605e68243) Importer(815301076,1909f56bfc062723c751e8b465ee728b)
Start importing Assets/UI/_Heathen Engineering/Assets/UX/Icons/Flat Icons [Free]/Free Flat Arrow 3 NW Icon.png using Guid(0908671c4d9d28e4890451f605e68243) Importer(815301076,1909f56bfc062723c751e8b465ee728b) [PhysX] Initialized MultithreadedTaskDispatcher with 12 workers.
WARNING: RGBA Compressed ASTC6X6 sRGB format is not supported, decompressing texture
[PhysX] Initialized MultithreadedTaskDispatcher with 12 workers.
 -> (artifact id: '9aabc65906ef5723d7201deddcdc7f8b') in 0.009914 seconds
Number of updated asset objects reloaded before import = 0
Number of asset objects unloaded after import = 3
========================================================================
Received Import Request.
  Time since last request: 0.000115 seconds.
  path: Assets/UI/_Heathen Engineering/Assets/UX/Icons/Flat Icons [Free]/Free Flat Arrow 5 NE Icon.png
  artifactKey: Guid(8f76f869ee326b343a73aae09f60ed73) Importer(815301076,1909f56bfc062723c751e8b465ee728b)
Start importing Assets/UI/_Heathen Engineering/Assets/UX/Icons/Flat Icons [Free]/Free Flat Arrow 5 NE Icon.png using Guid(8f76f869ee326b343a73aae09f60ed73) Importer(815301076,1909f56bfc062723c751e8b465ee728b) [PhysX] Initialized MultithreadedTaskDispatcher with 12 workers.
WARNING: RGBA Compressed ASTC6X6 sRGB format is not supported, decompressing texture
[PhysX] Initialized MultithreadedTaskDispatcher with 12 workers.
 -> (artifact id: '20262b890edae99d76629c0871170960') in 0.011055 seconds
Number of updated asset objects reloaded before import = 0
Number of asset objects unloaded after import = 3
========================================================================
Received Import Request.
  Time since last request: 0.000064 seconds.
  path: Assets/UI/_Heathen Engineering/Assets/UX/Icons/Flat Icons [Free]/Free Flat Arrow 3 SW Icon.png
  artifactKey: Guid(6d58acdac385dc546b74022fbe2912d7) Importer(815301076,1909f56bfc062723c751e8b465ee728b)
Start importing Assets/UI/_Heathen Engineering/Assets/UX/Icons/Flat Icons [Free]/Free Flat Arrow 3 SW Icon.png using Guid(6d58acdac385dc546b74022fbe2912d7) Importer(815301076,1909f56bfc062723c751e8b465ee728b) [PhysX] Initialized MultithreadedTaskDispatcher with 12 workers.
WARNING: RGBA Compressed ASTC6X6 sRGB format is not supported, decompressing texture
[PhysX] Initialized MultithreadedTaskDispatcher with 12 workers.
 -> (artifact id: '7ef0cc050ae43d230548cb784459d968') in 0.009496 seconds
Number of updated asset objects reloaded before import = 0
Number of asset objects unloaded after import = 3
========================================================================
Received Import Request.
  Time since last request: 0.000133 seconds.
  path: Assets/UI/_Heathen Engineering/Assets/UX/Icons/Flat Icons [Free]/Free Flat Arrow 4 N Icon.png
  artifactKey: Guid(e4c4e46ba50bb604f86f4217e0f4f7dd) Importer(815301076,1909f56bfc062723c751e8b465ee728b)
Start importing Assets/UI/_Heathen Engineering/Assets/UX/Icons/Flat Icons [Free]/Free Flat Arrow 4 N Icon.png using Guid(e4c4e46ba50bb604f86f4217e0f4f7dd) Importer(815301076,1909f56bfc062723c751e8b465ee728b) [PhysX] Initialized MultithreadedTaskDispatcher with 12 workers.
WARNING: RGBA Compressed ASTC6X6 sRGB format is not supported, decompressing texture
[PhysX] Initialized MultithreadedTaskDispatcher with 12 workers.
 -> (artifact id: '9470539ae993df6f1788e2e2f5d35dc7') in 0.010770 seconds
Number of updated asset objects reloaded before import = 0
Number of asset objects unloaded after import = 3
========================================================================
Received Import Request.
  Time since last request: 0.000078 seconds.
  path: Assets/UI/_Heathen Engineering/Assets/UX/Icons/Flat Icons [Free]/Free Flat Arrow 7 S Icon.png
  artifactKey: Guid(9647c288cc4ffdf4696259c4d0838725) Importer(815301076,1909f56bfc062723c751e8b465ee728b)
Start importing Assets/UI/_Heathen Engineering/Assets/UX/Icons/Flat Icons [Free]/Free Flat Arrow 7 S Icon.png using Guid(9647c288cc4ffdf4696259c4d0838725) Importer(815301076,1909f56bfc062723c751e8b465ee728b) [PhysX] Initialized MultithreadedTaskDispatcher with 12 workers.
WARNING: RGBA Compressed ASTC6X6 sRGB format is not supported, decompressing texture
[PhysX] Initialized MultithreadedTaskDispatcher with 12 workers.
 -> (artifact id: '86c166967644a22a718a378c74ecbf5f') in 0.009843 seconds
Number of updated asset objects reloaded before import = 0
Number of asset objects unloaded after import = 3
========================================================================
Received Import Request.
  Time since last request: 0.000061 seconds.
  path: Assets/UI/_Heathen Engineering/Assets/UX/Icons/Flat Icons [Free]/Free Flat Arrow 5 SW Icon.png
  artifactKey: Guid(66cea11fb6a86534ab82d8712d6f782b) Importer(815301076,1909f56bfc062723c751e8b465ee728b)
Start importing Assets/UI/_Heathen Engineering/Assets/UX/Icons/Flat Icons [Free]/Free Flat Arrow 5 SW Icon.png using Guid(66cea11fb6a86534ab82d8712d6f782b) Importer(815301076,1909f56bfc062723c751e8b465ee728b) [PhysX] Initialized MultithreadedTaskDispatcher with 12 workers.
WARNING: RGBA Compressed ASTC6X6 sRGB format is not supported, decompressing texture
[PhysX] Initialized MultithreadedTaskDispatcher with 12 workers.
 -> (artifact id: 'f170476407c1a64ec8b0e24f2b11fa0b') in 0.011140 seconds
Number of updated asset objects reloaded before import = 0
Number of asset objects unloaded after import = 3
========================================================================
Received Import Request.
  Time since last request: 0.000077 seconds.
  path: Assets/UI/_Heathen Engineering/Assets/UX/Icons/Flat Icons [Free]/Free Flat Arrow 3 SE Icon.png
  artifactKey: Guid(d5882ef03c430c342ab211e6c2ceb253) Importer(815301076,1909f56bfc062723c751e8b465ee728b)
Start importing Assets/UI/_Heathen Engineering/Assets/UX/Icons/Flat Icons [Free]/Free Flat Arrow 3 SE Icon.png using Guid(d5882ef03c430c342ab211e6c2ceb253) Importer(815301076,1909f56bfc062723c751e8b465ee728b) [PhysX] Initialized MultithreadedTaskDispatcher with 12 workers.
WARNING: RGBA Compressed ASTC6X6 sRGB format is not supported, decompressing texture
[PhysX] Initialized MultithreadedTaskDispatcher with 12 workers.
 -> (artifact id: '8c116352b24ba63a11e4065709bdc4a3') in 0.009708 seconds
Number of updated asset objects reloaded before import = 0
Number of asset objects unloaded after import = 3
========================================================================
Received Import Request.
  Time since last request: 0.000064 seconds.
  path: Assets/UI/_Heathen Engineering/Assets/UX/Icons/Flat Icons [Free]/Free Flat Arrow 3 N Icon.png
  artifactKey: Guid(301fe569da9047c4988d46c1707ea4e5) Importer(815301076,1909f56bfc062723c751e8b465ee728b)
Start importing Assets/UI/_Heathen Engineering/Assets/UX/Icons/Flat Icons [Free]/Free Flat Arrow 3 N Icon.png using Guid(301fe569da9047c4988d46c1707ea4e5) Importer(815301076,1909f56bfc062723c751e8b465ee728b) [PhysX] Initialized MultithreadedTaskDispatcher with 12 workers.
WARNING: RGBA Compressed ASTC6X6 sRGB format is not supported, decompressing texture
[PhysX] Initialized MultithreadedTaskDispatcher with 12 workers.
 -> (artifact id: '48a9b7926e2b5930c49098b744c67f54') in 0.008766 seconds
Number of updated asset objects reloaded before import = 0
Number of asset objects unloaded after import = 3
========================================================================
Received Import Request.
  Time since last request: 0.000049 seconds.
  path: Assets/UI/_Heathen Engineering/Assets/UX/Icons/Flat Icons [Free]/Free Flat Arrow 5 NW Icon.png
  artifactKey: Guid(fd91c57f9d8f2a3439b5b42ac9bda3c8) Importer(815301076,1909f56bfc062723c751e8b465ee728b)
Start importing Assets/UI/_Heathen Engineering/Assets/UX/Icons/Flat Icons [Free]/Free Flat Arrow 5 NW Icon.png using Guid(fd91c57f9d8f2a3439b5b42ac9bda3c8) Importer(815301076,1909f56bfc062723c751e8b465ee728b) [PhysX] Initialized MultithreadedTaskDispatcher with 12 workers.
WARNING: RGBA Compressed ASTC6X6 sRGB format is not supported, decompressing texture
[PhysX] Initialized MultithreadedTaskDispatcher with 12 workers.
 -> (artifact id: 'c47be8139e810f19351408f635f59bde') in 0.008485 seconds
Number of updated asset objects reloaded before import = 0
Number of asset objects unloaded after import = 3
========================================================================
Received Import Request.
  Time since last request: 0.000043 seconds.
  path: Assets/UI/_Heathen Engineering/Assets/UX/Icons/Flat Icons [Free]/Free Flat Arrow 6 NW Icon.png
  artifactKey: Guid(6525d93bdc5c93142a517c6f47ef8545) Importer(815301076,1909f56bfc062723c751e8b465ee728b)
Start importing Assets/UI/_Heathen Engineering/Assets/UX/Icons/Flat Icons [Free]/Free Flat Arrow 6 NW Icon.png using Guid(6525d93bdc5c93142a517c6f47ef8545) Importer(815301076,1909f56bfc062723c751e8b465ee728b) [PhysX] Initialized MultithreadedTaskDispatcher with 12 workers.
WARNING: RGBA Compressed ASTC6X6 sRGB format is not supported, decompressing texture
[PhysX] Initialized MultithreadedTaskDispatcher with 12 workers.
 -> (artifact id: '1ae72f669d155f90ce10b3a1780c7490') in 0.011252 seconds
Number of updated asset objects reloaded before import = 0
Number of asset objects unloaded after import = 3
========================================================================
Received Import Request.
  Time since last request: 0.000069 seconds.
  path: Assets/UI/_Heathen Engineering/Assets/UX/Icons/Flat Icons [Free]/Free Flat Arrow 7 N Icon.png
  artifactKey: Guid(e019bdf0d3613c04abc6f970450486c8) Importer(815301076,1909f56bfc062723c751e8b465ee728b)
Start importing Assets/UI/_Heathen Engineering/Assets/UX/Icons/Flat Icons [Free]/Free Flat Arrow 7 N Icon.png using Guid(e019bdf0d3613c04abc6f970450486c8) Importer(815301076,1909f56bfc062723c751e8b465ee728b) [PhysX] Initialized MultithreadedTaskDispatcher with 12 workers.
WARNING: RGBA Compressed ASTC6X6 sRGB format is not supported, decompressing texture
[PhysX] Initialized MultithreadedTaskDispatcher with 12 workers.
 -> (artifact id: 'b9777e55f41c01d7f27abb34212edbce') in 0.011958 seconds
Number of updated asset objects reloaded before import = 0
Number of asset objects unloaded after import = 3
========================================================================
Received Import Request.
  Time since last request: 0.000079 seconds.
  path: Assets/UI/_Heathen Engineering/Assets/UX/Icons/Flat Icons [Free]/Free Flat Arrow 2 NW Icon.png
  artifactKey: Guid(afa13aa3dd1037b4684bb0e9a8e18d8f) Importer(815301076,1909f56bfc062723c751e8b465ee728b)
Start importing Assets/UI/_Heathen Engineering/Assets/UX/Icons/Flat Icons [Free]/Free Flat Arrow 2 NW Icon.png using Guid(afa13aa3dd1037b4684bb0e9a8e18d8f) Importer(815301076,1909f56bfc062723c751e8b465ee728b) [PhysX] Initialized MultithreadedTaskDispatcher with 12 workers.
WARNING: RGBA Compressed ASTC6X6 sRGB format is not supported, decompressing texture
[PhysX] Initialized MultithreadedTaskDispatcher with 12 workers.
 -> (artifact id: '1add9c1278094b068ff4a8f2ac1ff013') in 0.011521 seconds
Number of updated asset objects reloaded before import = 0
Number of asset objects unloaded after import = 3
========================================================================
Received Import Request.
  Time since last request: 0.000019 seconds.
  path: Assets/UI/_Heathen Engineering/Assets/UX/Icons/Flat Icons [Free]/Free Flat Arrow 1 SE Icon.png
  artifactKey: Guid(b32c7f736da6d414885853c4b34e31d7) Importer(815301076,1909f56bfc062723c751e8b465ee728b)
Start importing Assets/UI/_Heathen Engineering/Assets/UX/Icons/Flat Icons [Free]/Free Flat Arrow 1 SE Icon.png using Guid(b32c7f736da6d414885853c4b34e31d7) Importer(815301076,1909f56bfc062723c751e8b465ee728b) [PhysX] Initialized MultithreadedTaskDispatcher with 12 workers.
WARNING: RGBA Compressed ASTC6X6 sRGB format is not supported, decompressing texture
[PhysX] Initialized MultithreadedTaskDispatcher with 12 workers.
 -> (artifact id: '7adff45fcd50101230a023793d86a74a') in 0.010597 seconds
Number of updated asset objects reloaded before import = 0
Number of asset objects unloaded after import = 3
========================================================================
Received Import Request.
  Time since last request: 0.000077 seconds.
  path: Assets/UI/_Heathen Engineering/Assets/UX/Icons/Flat Icons [Free]/Free Flat Arrow 4 NE Icon.png
  artifactKey: Guid(a718555c3c9d59846ac98a0c328a6de1) Importer(815301076,1909f56bfc062723c751e8b465ee728b)
Start importing Assets/UI/_Heathen Engineering/Assets/UX/Icons/Flat Icons [Free]/Free Flat Arrow 4 NE Icon.png using Guid(a718555c3c9d59846ac98a0c328a6de1) Importer(815301076,1909f56bfc062723c751e8b465ee728b) [PhysX] Initialized MultithreadedTaskDispatcher with 12 workers.
WARNING: RGBA Compressed ASTC6X6 sRGB format is not supported, decompressing texture
[PhysX] Initialized MultithreadedTaskDispatcher with 12 workers.
 -> (artifact id: 'ae6e65e35aa812e6c38947417cc3b52e') in 0.010591 seconds
Number of updated asset objects reloaded before import = 0
Number of asset objects unloaded after import = 3
========================================================================
Received Import Request.
  Time since last request: 0.000282 seconds.
  path: Assets/UI/_Heathen Engineering/Assets/UX/Icons/Flat Icons [Free]/Free Flat Arrow 5 SE Icon.png
  artifactKey: Guid(346d57798d5f0444aaea807128d42e2e) Importer(815301076,1909f56bfc062723c751e8b465ee728b)
Start importing Assets/UI/_Heathen Engineering/Assets/UX/Icons/Flat Icons [Free]/Free Flat Arrow 5 SE Icon.png using Guid(346d57798d5f0444aaea807128d42e2e) Importer(815301076,1909f56bfc062723c751e8b465ee728b) [PhysX] Initialized MultithreadedTaskDispatcher with 12 workers.
WARNING: RGBA Compressed ASTC6X6 sRGB format is not supported, decompressing texture
[PhysX] Initialized MultithreadedTaskDispatcher with 12 workers.
 -> (artifact id: '8d28a592138313f4d81e6ed5b1d1afcc') in 0.010440 seconds
Number of updated asset objects reloaded before import = 0
Number of asset objects unloaded after import = 3
========================================================================
Received Import Request.
  Time since last request: 0.000124 seconds.
  path: Assets/UI/_Heathen Engineering/Assets/UX/Icons/Flat Icons [Free]/Free Flat Arrow 6 SE Icon.png
  artifactKey: Guid(d4622e6f5db00d741b8679abf793e099) Importer(815301076,1909f56bfc062723c751e8b465ee728b)
Start importing Assets/UI/_Heathen Engineering/Assets/UX/Icons/Flat Icons [Free]/Free Flat Arrow 6 SE Icon.png using Guid(d4622e6f5db00d741b8679abf793e099) Importer(815301076,1909f56bfc062723c751e8b465ee728b) [PhysX] Initialized MultithreadedTaskDispatcher with 12 workers.
WARNING: RGBA Compressed ASTC6X6 sRGB format is not supported, decompressing texture
[PhysX] Initialized MultithreadedTaskDispatcher with 12 workers.
 -> (artifact id: '1619bd03a2e270d796fb04c810cca846') in 0.010640 seconds
Number of updated asset objects reloaded before import = 0
Number of asset objects unloaded after import = 3
========================================================================
Received Import Request.
  Time since last request: 0.000022 seconds.
  path: Assets/UI/_Heathen Engineering/Assets/UX/Icons/Flat Icons [Free]/Free Flat Arrow 2 SW Icon.png
  artifactKey: Guid(b986971d1c7b79f4da924287d73529da) Importer(815301076,1909f56bfc062723c751e8b465ee728b)
Start importing Assets/UI/_Heathen Engineering/Assets/UX/Icons/Flat Icons [Free]/Free Flat Arrow 2 SW Icon.png using Guid(b986971d1c7b79f4da924287d73529da) Importer(815301076,1909f56bfc062723c751e8b465ee728b) [PhysX] Initialized MultithreadedTaskDispatcher with 12 workers.
WARNING: RGBA Compressed ASTC6X6 sRGB format is not supported, decompressing texture
[PhysX] Initialized MultithreadedTaskDispatcher with 12 workers.
 -> (artifact id: 'a443f50507e61251267d88a8077ff4f5') in 0.010864 seconds
Number of updated asset objects reloaded before import = 0
Number of asset objects unloaded after import = 3
========================================================================
Received Import Request.
  Time since last request: 0.000032 seconds.
  path: Assets/UI/_Heathen Engineering/Assets/UX/Icons/Flat Icons [Free]/Free Flat Arrow 7 E Icon.png
  artifactKey: Guid(3f18113a534a8544d94b42a95ef80ba4) Importer(815301076,1909f56bfc062723c751e8b465ee728b)
Start importing Assets/UI/_Heathen Engineering/Assets/UX/Icons/Flat Icons [Free]/Free Flat Arrow 7 E Icon.png using Guid(3f18113a534a8544d94b42a95ef80ba4) Importer(815301076,1909f56bfc062723c751e8b465ee728b) [PhysX] Initialized MultithreadedTaskDispatcher with 12 workers.
WARNING: RGBA Compressed ASTC6X6 sRGB format is not supported, decompressing texture
[PhysX] Initialized MultithreadedTaskDispatcher with 12 workers.
 -> (artifact id: 'efb455a8700fb23ef6865f4e819ca4a2') in 0.010788 seconds
Number of updated asset objects reloaded before import = 0
Number of asset objects unloaded after import = 3
========================================================================
Received Import Request.
  Time since last request: 0.000038 seconds.
  path: Assets/UI/_Heathen Engineering/Assets/UX/Icons/Flat Icons [Free]/Free Flat Arrow 7 SW Icon.png
  artifactKey: Guid(f9d826ed2cdfb594b916ba79efd8ad7e) Importer(815301076,1909f56bfc062723c751e8b465ee728b)
Start importing Assets/UI/_Heathen Engineering/Assets/UX/Icons/Flat Icons [Free]/Free Flat Arrow 7 SW Icon.png using Guid(f9d826ed2cdfb594b916ba79efd8ad7e) Importer(815301076,1909f56bfc062723c751e8b465ee728b) [PhysX] Initialized MultithreadedTaskDispatcher with 12 workers.
WARNING: RGBA Compressed ASTC6X6 sRGB format is not supported, decompressing texture
[PhysX] Initialized MultithreadedTaskDispatcher with 12 workers.
 -> (artifact id: '0a61b720ad3d07e2eac9d28daacb5acb') in 0.010477 seconds
Number of updated asset objects reloaded before import = 0
Number of asset objects unloaded after import = 3
========================================================================
Received Import Request.
  Time since last request: 0.000017 seconds.
  path: Assets/UI/_Heathen Engineering/Assets/UX/Icons/Flat Icons [Free]/Free Flat Arrow 2 N Icon.png
  artifactKey: Guid(d10be4c155f6e254a998cc68201d1afc) Importer(815301076,1909f56bfc062723c751e8b465ee728b)
Start importing Assets/UI/_Heathen Engineering/Assets/UX/Icons/Flat Icons [Free]/Free Flat Arrow 2 N Icon.png using Guid(d10be4c155f6e254a998cc68201d1afc) Importer(815301076,1909f56bfc062723c751e8b465ee728b) [PhysX] Initialized MultithreadedTaskDispatcher with 12 workers.
WARNING: RGBA Compressed ASTC6X6 sRGB format is not supported, decompressing texture
[PhysX] Initialized MultithreadedTaskDispatcher with 12 workers.
 -> (artifact id: '9b7c388184d2bd98b70e2fbcecaad5cf') in 0.012787 seconds
Number of updated asset objects reloaded before import = 0
Number of asset objects unloaded after import = 3
========================================================================
Received Import Request.
  Time since last request: 0.000051 seconds.
  path: Assets/UI/_Heathen Engineering/Assets/UX/Icons/Flat Icons [Free]/Free Flat Arrow 7 W Icon.png
  artifactKey: Guid(e84e4078783da5147bc34c68e2842556) Importer(815301076,1909f56bfc062723c751e8b465ee728b)
Start importing Assets/UI/_Heathen Engineering/Assets/UX/Icons/Flat Icons [Free]/Free Flat Arrow 7 W Icon.png using Guid(e84e4078783da5147bc34c68e2842556) Importer(815301076,1909f56bfc062723c751e8b465ee728b) [PhysX] Initialized MultithreadedTaskDispatcher with 12 workers.
WARNING: RGBA Compressed ASTC6X6 sRGB format is not supported, decompressing texture
[PhysX] Initialized MultithreadedTaskDispatcher with 12 workers.
 -> (artifact id: '6791382640260f4454c8d99d081bab22') in 0.014522 seconds
Number of updated asset objects reloaded before import = 0
Number of asset objects unloaded after import = 3
========================================================================
Received Import Request.
  Time since last request: 0.000043 seconds.
  path: Assets/UI/_Heathen Engineering/Assets/UX/Icons/Flat Icons [Free]/Free Flat Arrow 3 W Icon.png
  artifactKey: Guid(91f687269d00d8548a0c2a0e7e4736e1) Importer(815301076,1909f56bfc062723c751e8b465ee728b)
Start importing Assets/UI/_Heathen Engineering/Assets/UX/Icons/Flat Icons [Free]/Free Flat Arrow 3 W Icon.png using Guid(91f687269d00d8548a0c2a0e7e4736e1) Importer(815301076,1909f56bfc062723c751e8b465ee728b) [PhysX] Initialized MultithreadedTaskDispatcher with 12 workers.
WARNING: RGBA Compressed ASTC6X6 sRGB format is not supported, decompressing texture
[PhysX] Initialized MultithreadedTaskDispatcher with 12 workers.
 -> (artifact id: 'fc6b8fbc94d82dd74ce2fe5cf9e83edb') in 0.008615 seconds
Number of updated asset objects reloaded before import = 0
Number of asset objects unloaded after import = 3
========================================================================
Received Import Request.
  Time since last request: 0.000016 seconds.
  path: Assets/UI/_Heathen Engineering/Assets/UX/Icons/Flat Icons [Free]/Free Flat Arrow Curved Right 1 Icon.png
  artifactKey: Guid(b938362154adb7647b816e89388f2492) Importer(815301076,1909f56bfc062723c751e8b465ee728b)
Start importing Assets/UI/_Heathen Engineering/Assets/UX/Icons/Flat Icons [Free]/Free Flat Arrow Curved Right 1 Icon.png using Guid(b938362154adb7647b816e89388f2492) Importer(815301076,1909f56bfc062723c751e8b465ee728b) [PhysX] Initialized MultithreadedTaskDispatcher with 12 workers.
WARNING: RGBA Compressed ASTC6X6 sRGB format is not supported, decompressing texture
[PhysX] Initialized MultithreadedTaskDispatcher with 12 workers.
 -> (artifact id: 'b600e56d944ab1e29dbd977cfb93788c') in 0.008712 seconds
Number of updated asset objects reloaded before import = 0
Number of asset objects unloaded after import = 3
========================================================================
Received Import Request.
  Time since last request: 0.000018 seconds.
  path: Assets/UI/_Heathen Engineering/Assets/UX/Icons/Flat Icons [Free]/Free Flat Arrow 4 W Icon.png
  artifactKey: Guid(539a4c67d1d328e4ab6c8f533d26a90b) Importer(815301076,1909f56bfc062723c751e8b465ee728b)
Start importing Assets/UI/_Heathen Engineering/Assets/UX/Icons/Flat Icons [Free]/Free Flat Arrow 4 W Icon.png using Guid(539a4c67d1d328e4ab6c8f533d26a90b) Importer(815301076,1909f56bfc062723c751e8b465ee728b) [PhysX] Initialized MultithreadedTaskDispatcher with 12 workers.
WARNING: RGBA Compressed ASTC6X6 sRGB format is not supported, decompressing texture
[PhysX] Initialized MultithreadedTaskDispatcher with 12 workers.
 -> (artifact id: '877dd60ed3a5710030e4f9c3f4a705eb') in 0.008272 seconds
Number of updated asset objects reloaded before import = 0
Number of asset objects unloaded after import = 3
========================================================================
Received Import Request.
  Time since last request: 0.773432 seconds.
  path: Assets/UI/_Heathen Engineering/Assets/UX/Icons/Flat Icons [Free]/Free Flat Award Icon.png
  artifactKey: Guid(879eb3196bae02649b9360b472267f9d) Importer(815301076,1909f56bfc062723c751e8b465ee728b)
Start importing Assets/UI/_Heathen Engineering/Assets/UX/Icons/Flat Icons [Free]/Free Flat Award Icon.png using Guid(879eb3196bae02649b9360b472267f9d) Importer(815301076,1909f56bfc062723c751e8b465ee728b) [PhysX] Initialized MultithreadedTaskDispatcher with 12 workers.
WARNING: RGBA Compressed ASTC6X6 sRGB format is not supported, decompressing texture
[PhysX] Initialized MultithreadedTaskDispatcher with 12 workers.
 -> (artifact id: 'eb6fc5b692e541e199d82461e673ca65') in 0.010070 seconds
Number of updated asset objects reloaded before import = 0
Number of asset objects unloaded after import = 3
========================================================================
Received Import Request.
  Time since last request: 0.000698 seconds.
  path: Assets/UI/_Heathen Engineering/Assets/UX/Icons/Flat Icons [Free]/Free Flat Battery Smooth 1 Icon.png
  artifactKey: Guid(897fca193fcbd464caf717391a549ca4) Importer(815301076,1909f56bfc062723c751e8b465ee728b)
Start importing Assets/UI/_Heathen Engineering/Assets/UX/Icons/Flat Icons [Free]/Free Flat Battery Smooth 1 Icon.png using Guid(897fca193fcbd464caf717391a549ca4) Importer(815301076,1909f56bfc062723c751e8b465ee728b) [PhysX] Initialized MultithreadedTaskDispatcher with 12 workers.
WARNING: RGBA Compressed ASTC6X6 sRGB format is not supported, decompressing texture
[PhysX] Initialized MultithreadedTaskDispatcher with 12 workers.
 -> (artifact id: '16e3a9483bcffcefedc5614de59cc86b') in 0.010164 seconds
Number of updated asset objects reloaded before import = 0
Number of asset objects unloaded after import = 3
========================================================================
Received Import Request.
  Time since last request: 0.000045 seconds.
  path: Assets/UI/_Heathen Engineering/Assets/UX/Icons/Flat Icons [Free]/Free Flat Battery Tick 6 Icon.png
  artifactKey: Guid(4f21aab22562181448516fa15782bad7) Importer(815301076,1909f56bfc062723c751e8b465ee728b)
Start importing Assets/UI/_Heathen Engineering/Assets/UX/Icons/Flat Icons [Free]/Free Flat Battery Tick 6 Icon.png using Guid(4f21aab22562181448516fa15782bad7) Importer(815301076,1909f56bfc062723c751e8b465ee728b) [PhysX] Initialized MultithreadedTaskDispatcher with 12 workers.
WARNING: RGBA Compressed ASTC6X6 sRGB format is not supported, decompressing texture
[PhysX] Initialized MultithreadedTaskDispatcher with 12 workers.
 -> (artifact id: 'f213d022f82169c4a0edf272b1cec2a9') in 0.008574 seconds
Number of updated asset objects reloaded before import = 0
Number of asset objects unloaded after import = 3
========================================================================
Received Import Request.
  Time since last request: 0.000018 seconds.
  path: Assets/UI/_Heathen Engineering/Assets/UX/Icons/Flat Icons [Free]/Free Flat Battery No Dash Icon.png
  artifactKey: Guid(ba2f65608a2209040afff27eab9cece5) Importer(815301076,1909f56bfc062723c751e8b465ee728b)
Start importing Assets/UI/_Heathen Engineering/Assets/UX/Icons/Flat Icons [Free]/Free Flat Battery No Dash Icon.png using Guid(ba2f65608a2209040afff27eab9cece5) Importer(815301076,1909f56bfc062723c751e8b465ee728b) [PhysX] Initialized MultithreadedTaskDispatcher with 12 workers.
WARNING: RGBA Compressed ASTC6X6 sRGB format is not supported, decompressing texture
[PhysX] Initialized MultithreadedTaskDispatcher with 12 workers.
 -> (artifact id: '464a19a6d8be1c3df75cf8ffc6df422a') in 0.007619 seconds
Number of updated asset objects reloaded before import = 0
Number of asset objects unloaded after import = 3
========================================================================
Received Import Request.
  Time since last request: 0.000052 seconds.
  path: Assets/UI/_Heathen Engineering/Assets/UX/Icons/Flat Icons [Free]/Free Flat Battery Smooth 3 Icon.png
  artifactKey: Guid(3695b77399e10b540a875e03221764f9) Importer(815301076,1909f56bfc062723c751e8b465ee728b)
Start importing Assets/UI/_Heathen Engineering/Assets/UX/Icons/Flat Icons [Free]/Free Flat Battery Smooth 3 Icon.png using Guid(3695b77399e10b540a875e03221764f9) Importer(815301076,1909f56bfc062723c751e8b465ee728b) [PhysX] Initialized MultithreadedTaskDispatcher with 12 workers.
WARNING: RGBA Compressed ASTC6X6 sRGB format is not supported, decompressing texture
[PhysX] Initialized MultithreadedTaskDispatcher with 12 workers.
 -> (artifact id: '6150e36280e09cc1bc4f5a027a7c7f9d') in 0.008051 seconds
Number of updated asset objects reloaded before import = 0
Number of asset objects unloaded after import = 3
========================================================================
Received Import Request.
  Time since last request: 0.000016 seconds.
  path: Assets/UI/_Heathen Engineering/Assets/UX/Icons/Flat Icons [Free]/Free Flat Battery Tick 3 Icon.png
  artifactKey: Guid(6c7218760d7e1b041a1cbf797895f78a) Importer(815301076,1909f56bfc062723c751e8b465ee728b)
Start importing Assets/UI/_Heathen Engineering/Assets/UX/Icons/Flat Icons [Free]/Free Flat Battery Tick 3 Icon.png using Guid(6c7218760d7e1b041a1cbf797895f78a) Importer(815301076,1909f56bfc062723c751e8b465ee728b) [PhysX] Initialized MultithreadedTaskDispatcher with 12 workers.
WARNING: RGBA Compressed ASTC6X6 sRGB format is not supported, decompressing texture
[PhysX] Initialized MultithreadedTaskDispatcher with 12 workers.
 -> (artifact id: '1de3210037b6f63d1ceb76a9166afd36') in 0.008773 seconds
Number of updated asset objects reloaded before import = 0
Number of asset objects unloaded after import = 3
========================================================================
Received Import Request.
  Time since last request: 0.000060 seconds.
  path: Assets/UI/_Heathen Engineering/Assets/UX/Icons/Flat Icons [Free]/Free Flat Battery Tick 1 Icon.png
  artifactKey: Guid(2c2664dc6312ab641ac1abe6324ceca6) Importer(815301076,1909f56bfc062723c751e8b465ee728b)
Start importing Assets/UI/_Heathen Engineering/Assets/UX/Icons/Flat Icons [Free]/Free Flat Battery Tick 1 Icon.png using Guid(2c2664dc6312ab641ac1abe6324ceca6) Importer(815301076,1909f56bfc062723c751e8b465ee728b) [PhysX] Initialized MultithreadedTaskDispatcher with 12 workers.
WARNING: RGBA Compressed ASTC6X6 sRGB format is not supported, decompressing texture
[PhysX] Initialized MultithreadedTaskDispatcher with 12 workers.
 -> (artifact id: '64e1c1a32cd10dff111869f748294138') in 0.008398 seconds
Number of updated asset objects reloaded before import = 0
Number of asset objects unloaded after import = 3
========================================================================
Received Import Request.
  Time since last request: 0.000020 seconds.
  path: Assets/UI/_Heathen Engineering/Assets/UX/Icons/Flat Icons [Free]/Free Flat Battery No Dashless Icon.png
  artifactKey: Guid(6a6898f5f34b5154aa1b3d44f98bc92b) Importer(815301076,1909f56bfc062723c751e8b465ee728b)
Start importing Assets/UI/_Heathen Engineering/Assets/UX/Icons/Flat Icons [Free]/Free Flat Battery No Dashless Icon.png using Guid(6a6898f5f34b5154aa1b3d44f98bc92b) Importer(815301076,1909f56bfc062723c751e8b465ee728b) [PhysX] Initialized MultithreadedTaskDispatcher with 12 workers.
WARNING: RGBA Compressed ASTC6X6 sRGB format is not supported, decompressing texture
[PhysX] Initialized MultithreadedTaskDispatcher with 12 workers.
 -> (artifact id: 'd00d9de35467ce6fb60848001c8baac2') in 0.009143 seconds
Number of updated asset objects reloaded before import = 0
Number of asset objects unloaded after import = 3
========================================================================
Received Import Request.
  Time since last request: 0.000059 seconds.
  path: Assets/UI/_Heathen Engineering/Assets/UX/Icons/Flat Icons [Free]/Free Flat Battery Tick 5 Icon.png
  artifactKey: Guid(04bc28bea5a22c644b2f8b78da6de920) Importer(815301076,1909f56bfc062723c751e8b465ee728b)
Start importing Assets/UI/_Heathen Engineering/Assets/UX/Icons/Flat Icons [Free]/Free Flat Battery Tick 5 Icon.png using Guid(04bc28bea5a22c644b2f8b78da6de920) Importer(815301076,1909f56bfc062723c751e8b465ee728b) [PhysX] Initialized MultithreadedTaskDispatcher with 12 workers.
WARNING: RGBA Compressed ASTC6X6 sRGB format is not supported, decompressing texture
[PhysX] Initialized MultithreadedTaskDispatcher with 12 workers.
 -> (artifact id: '52df0aac56fd8293e1f2ef1e268be215') in 0.007696 seconds
Number of updated asset objects reloaded before import = 0
Number of asset objects unloaded after import = 3
========================================================================
Received Import Request.
  Time since last request: 0.000014 seconds.
  path: Assets/UI/_Heathen Engineering/Assets/UX/Icons/Flat Icons [Free]/Free Flat Battery Empty Icon.png
  artifactKey: Guid(52ef2ea9601187e4c9fd3db7dd7027f3) Importer(815301076,1909f56bfc062723c751e8b465ee728b)
Start importing Assets/UI/_Heathen Engineering/Assets/UX/Icons/Flat Icons [Free]/Free Flat Battery Empty Icon.png using Guid(52ef2ea9601187e4c9fd3db7dd7027f3) Importer(815301076,1909f56bfc062723c751e8b465ee728b) [PhysX] Initialized MultithreadedTaskDispatcher with 12 workers.
WARNING: RGBA Compressed ASTC6X6 sRGB format is not supported, decompressing texture
[PhysX] Initialized MultithreadedTaskDispatcher with 12 workers.
 -> (artifact id: '787df44c60e27bf221b80979ad3a64bc') in 0.007958 seconds
Number of updated asset objects reloaded before import = 0
Number of asset objects unloaded after import = 3
========================================================================
Received Import Request.
  Time since last request: 0.000121 seconds.
  path: Assets/UI/_Heathen Engineering/Assets/UX/Icons/Flat Icons [Free]/Free Flat Battery Tick 2 Icon.png
  artifactKey: Guid(df49e60286e084549bba8d9bebf38b42) Importer(815301076,1909f56bfc062723c751e8b465ee728b)
Start importing Assets/UI/_Heathen Engineering/Assets/UX/Icons/Flat Icons [Free]/Free Flat Battery Tick 2 Icon.png using Guid(df49e60286e084549bba8d9bebf38b42) Importer(815301076,1909f56bfc062723c751e8b465ee728b) [PhysX] Initialized MultithreadedTaskDispatcher with 12 workers.
WARNING: RGBA Compressed ASTC6X6 sRGB format is not supported, decompressing texture
[PhysX] Initialized MultithreadedTaskDispatcher with 12 workers.
 -> (artifact id: '0851ddcee661e25bbc03adcd106e235e') in 0.007093 seconds
Number of updated asset objects reloaded before import = 0
Number of asset objects unloaded after import = 3
========================================================================
Received Import Request.
  Time since last request: 0.000058 seconds.
  path: Assets/UI/_Heathen Engineering/Assets/UX/Icons/Flat Icons [Free]/Free Flat Border Double 1-1pt Icon.png
  artifactKey: Guid(99ef4b1b6c988c54f992f3b96981549a) Importer(815301076,1909f56bfc062723c751e8b465ee728b)
Start importing Assets/UI/_Heathen Engineering/Assets/UX/Icons/Flat Icons [Free]/Free Flat Border Double 1-1pt Icon.png using Guid(99ef4b1b6c988c54f992f3b96981549a) Importer(815301076,1909f56bfc062723c751e8b465ee728b) [PhysX] Initialized MultithreadedTaskDispatcher with 12 workers.
WARNING: RGBA Compressed ASTC6X6 sRGB format is not supported, decompressing texture
[PhysX] Initialized MultithreadedTaskDispatcher with 12 workers.
 -> (artifact id: '5b5c0ada10adc5871fbcbcaaf24cc872') in 0.009322 seconds
Number of updated asset objects reloaded before import = 0
Number of asset objects unloaded after import = 3
========================================================================
Received Import Request.
  Time since last request: 0.000040 seconds.
  path: Assets/UI/_Heathen Engineering/Assets/UX/Icons/Flat Icons [Free]/Free Flat Border Double 1-5pt Icon.png
  artifactKey: Guid(cf01b82643aa5244599dea85d7f534dc) Importer(815301076,1909f56bfc062723c751e8b465ee728b)
Start importing Assets/UI/_Heathen Engineering/Assets/UX/Icons/Flat Icons [Free]/Free Flat Border Double 1-5pt Icon.png using Guid(cf01b82643aa5244599dea85d7f534dc) Importer(815301076,1909f56bfc062723c751e8b465ee728b) [PhysX] Initialized MultithreadedTaskDispatcher with 12 workers.
WARNING: RGBA Compressed ASTC6X6 sRGB format is not supported, decompressing texture
[PhysX] Initialized MultithreadedTaskDispatcher with 12 workers.
 -> (artifact id: '6f36a27fa6d939e1bd3c4c11d55fd311') in 0.007309 seconds
Number of updated asset objects reloaded before import = 0
Number of asset objects unloaded after import = 3
========================================================================
Received Import Request.
  Time since last request: 0.000063 seconds.
  path: Assets/UI/_Heathen Engineering/Assets/UX/Icons/Flat Icons [Free]/Free Flat Border Double 3-1pt Icon.png
  artifactKey: Guid(a7a29f624782e684fa9767fcc0f313f5) Importer(815301076,1909f56bfc062723c751e8b465ee728b)
Start importing Assets/UI/_Heathen Engineering/Assets/UX/Icons/Flat Icons [Free]/Free Flat Border Double 3-1pt Icon.png using Guid(a7a29f624782e684fa9767fcc0f313f5) Importer(815301076,1909f56bfc062723c751e8b465ee728b) [PhysX] Initialized MultithreadedTaskDispatcher with 12 workers.
WARNING: RGBA Compressed ASTC6X6 sRGB format is not supported, decompressing texture
[PhysX] Initialized MultithreadedTaskDispatcher with 12 workers.
 -> (artifact id: 'fca86758340f4166af9e2e1ae3c8e9ff') in 0.006731 seconds
Number of updated asset objects reloaded before import = 0
Number of asset objects unloaded after import = 3
========================================================================
Received Import Request.
  Time since last request: 0.000120 seconds.
  path: Assets/UI/_Heathen Engineering/Assets/UX/Icons/Flat Icons [Free]/Free Flat Button Blank B Icon.png
  artifactKey: Guid(afcf80015f5ff514fb2494b415eeb6e8) Importer(815301076,1909f56bfc062723c751e8b465ee728b)
Start importing Assets/UI/_Heathen Engineering/Assets/UX/Icons/Flat Icons [Free]/Free Flat Button Blank B Icon.png using Guid(afcf80015f5ff514fb2494b415eeb6e8) Importer(815301076,1909f56bfc062723c751e8b465ee728b) [PhysX] Initialized MultithreadedTaskDispatcher with 12 workers.
WARNING: RGBA Compressed ASTC6X6 sRGB format is not supported, decompressing texture
[PhysX] Initialized MultithreadedTaskDispatcher with 12 workers.
 -> (artifact id: '6d0c6a48ef221334f74b193777a30199') in 0.007805 seconds
Number of updated asset objects reloaded before import = 0
Number of asset objects unloaded after import = 3
========================================================================
Received Import Request.
  Time since last request: 0.000037 seconds.
  path: Assets/UI/_Heathen Engineering/Assets/UX/Icons/Flat Icons [Free]/Free Flat Border Single 1pt Icon.png
  artifactKey: Guid(c59e65e500ccadb4483d5e35d1046598) Importer(815301076,1909f56bfc062723c751e8b465ee728b)
Start importing Assets/UI/_Heathen Engineering/Assets/UX/Icons/Flat Icons [Free]/Free Flat Border Single 1pt Icon.png using Guid(c59e65e500ccadb4483d5e35d1046598) Importer(815301076,1909f56bfc062723c751e8b465ee728b) [PhysX] Initialized MultithreadedTaskDispatcher with 12 workers.
WARNING: RGBA Compressed ASTC6X6 sRGB format is not supported, decompressing texture
[PhysX] Initialized MultithreadedTaskDispatcher with 12 workers.
 -> (artifact id: '947355b1fe3302b2fed213cecca0e980') in 0.006256 seconds
Number of updated asset objects reloaded before import = 0
Number of asset objects unloaded after import = 3
========================================================================
Received Import Request.
  Time since last request: 0.000044 seconds.
  path: Assets/UI/_Heathen Engineering/Assets/UX/Icons/Flat Icons [Free]/Free Flat Button Blank Right 1 Icon.png
  artifactKey: Guid(55040708e249eda4486ec40810a73f60) Importer(815301076,1909f56bfc062723c751e8b465ee728b)
Start importing Assets/UI/_Heathen Engineering/Assets/UX/Icons/Flat Icons [Free]/Free Flat Button Blank Right 1 Icon.png using Guid(55040708e249eda4486ec40810a73f60) Importer(815301076,1909f56bfc062723c751e8b465ee728b) [PhysX] Initialized MultithreadedTaskDispatcher with 12 workers.
WARNING: RGBA Compressed ASTC6X6 sRGB format is not supported, decompressing texture
[PhysX] Initialized MultithreadedTaskDispatcher with 12 workers.
 -> (artifact id: '4b4db829a042c6f8272ea8bda4aaacc0') in 0.007472 seconds
Number of updated asset objects reloaded before import = 0
Number of asset objects unloaded after import = 3
========================================================================
Received Import Request.
  Time since last request: 0.000108 seconds.
  path: Assets/UI/_Heathen Engineering/Assets/UX/Icons/Flat Icons [Free]/Free Flat Button Blank X Icon.png
  artifactKey: Guid(f16ca8d9b20ab364ab5f5fb683243731) Importer(815301076,1909f56bfc062723c751e8b465ee728b)
Start importing Assets/UI/_Heathen Engineering/Assets/UX/Icons/Flat Icons [Free]/Free Flat Button Blank X Icon.png using Guid(f16ca8d9b20ab364ab5f5fb683243731) Importer(815301076,1909f56bfc062723c751e8b465ee728b) [PhysX] Initialized MultithreadedTaskDispatcher with 12 workers.
WARNING: RGBA Compressed ASTC6X6 sRGB format is not supported, decompressing texture
[PhysX] Initialized MultithreadedTaskDispatcher with 12 workers.
 -> (artifact id: 'a6b7d1f69aa1c639fa41b71cb9aa837d') in 0.008196 seconds
Number of updated asset objects reloaded before import = 0
Number of asset objects unloaded after import = 3
========================================================================
Received Import Request.
  Time since last request: 0.000087 seconds.
  path: Assets/UI/_Heathen Engineering/Assets/UX/Icons/Flat Icons [Free]/Free Flat Button Blank Right 2 Icon.png
  artifactKey: Guid(463c2aaea7772194fbd59989df2c5135) Importer(815301076,1909f56bfc062723c751e8b465ee728b)
Start importing Assets/UI/_Heathen Engineering/Assets/UX/Icons/Flat Icons [Free]/Free Flat Button Blank Right 2 Icon.png using Guid(463c2aaea7772194fbd59989df2c5135) Importer(815301076,1909f56bfc062723c751e8b465ee728b) [PhysX] Initialized MultithreadedTaskDispatcher with 12 workers.
WARNING: RGBA Compressed ASTC6X6 sRGB format is not supported, decompressing texture
[PhysX] Initialized MultithreadedTaskDispatcher with 12 workers.
 -> (artifact id: 'd1a2179acceab6334e357d9103f2df12') in 0.008255 seconds
Number of updated asset objects reloaded before import = 0
Number of asset objects unloaded after import = 3
========================================================================
Received Import Request.
  Time since last request: 0.000098 seconds.
  path: Assets/UI/_Heathen Engineering/Assets/UX/Icons/Flat Icons [Free]/Free Flat Button Solid B Icon.png
  artifactKey: Guid(f4e83e5b560bef7408b322d1703b4d22) Importer(815301076,1909f56bfc062723c751e8b465ee728b)
Start importing Assets/UI/_Heathen Engineering/Assets/UX/Icons/Flat Icons [Free]/Free Flat Button Solid B Icon.png using Guid(f4e83e5b560bef7408b322d1703b4d22) Importer(815301076,1909f56bfc062723c751e8b465ee728b) [PhysX] Initialized MultithreadedTaskDispatcher with 12 workers.
WARNING: RGBA Compressed ASTC6X6 sRGB format is not supported, decompressing texture
[PhysX] Initialized MultithreadedTaskDispatcher with 12 workers.
 -> (artifact id: 'd0917967e08062b3bb5c7aebff538b7d') in 0.009586 seconds
Number of updated asset objects reloaded before import = 0
Number of asset objects unloaded after import = 3
========================================================================
Received Import Request.
  Time since last request: 0.000063 seconds.
  path: Assets/UI/_Heathen Engineering/Assets/UX/Icons/Flat Icons [Free]/Free Flat Button Blank Left Bumper Icon.png
  artifactKey: Guid(90bb85824309d2d4d8cdb0544041a973) Importer(815301076,1909f56bfc062723c751e8b465ee728b)
Start importing Assets/UI/_Heathen Engineering/Assets/UX/Icons/Flat Icons [Free]/Free Flat Button Blank Left Bumper Icon.png using Guid(90bb85824309d2d4d8cdb0544041a973) Importer(815301076,1909f56bfc062723c751e8b465ee728b) [PhysX] Initialized MultithreadedTaskDispatcher with 12 workers.
WARNING: RGBA Compressed ASTC6X6 sRGB format is not supported, decompressing texture
[PhysX] Initialized MultithreadedTaskDispatcher with 12 workers.
 -> (artifact id: '7381c3cd0826910ac0a5b21fc99cab50') in 0.007734 seconds
Number of updated asset objects reloaded before import = 0
Number of asset objects unloaded after import = 3
========================================================================
Received Import Request.
  Time since last request: 0.000072 seconds.
  path: Assets/UI/_Heathen Engineering/Assets/UX/Icons/Flat Icons [Free]/Free Flat Button Blank Triangle Icon.png
  artifactKey: Guid(7b25fbafa09b7ed4c853b32bed5e90f4) Importer(815301076,1909f56bfc062723c751e8b465ee728b)
Start importing Assets/UI/_Heathen Engineering/Assets/UX/Icons/Flat Icons [Free]/Free Flat Button Blank Triangle Icon.png using Guid(7b25fbafa09b7ed4c853b32bed5e90f4) Importer(815301076,1909f56bfc062723c751e8b465ee728b) [PhysX] Initialized MultithreadedTaskDispatcher with 12 workers.
WARNING: RGBA Compressed ASTC6X6 sRGB format is not supported, decompressing texture
[PhysX] Initialized MultithreadedTaskDispatcher with 12 workers.
 -> (artifact id: 'fa963870b491112fce3927a8b0a26468') in 0.007889 seconds
Number of updated asset objects reloaded before import = 0
Number of asset objects unloaded after import = 3
========================================================================
Received Import Request.
  Time since last request: 0.000098 seconds.
  path: Assets/UI/_Heathen Engineering/Assets/UX/Icons/Flat Icons [Free]/Free Flat Border Single 3pt Icon.png
  artifactKey: Guid(c60e730a62e7dc2458a6b0ba7621a1ff) Importer(815301076,1909f56bfc062723c751e8b465ee728b)
Start importing Assets/UI/_Heathen Engineering/Assets/UX/Icons/Flat Icons [Free]/Free Flat Border Single 3pt Icon.png using Guid(c60e730a62e7dc2458a6b0ba7621a1ff) Importer(815301076,1909f56bfc062723c751e8b465ee728b) [PhysX] Initialized MultithreadedTaskDispatcher with 12 workers.
WARNING: RGBA Compressed ASTC6X6 sRGB format is not supported, decompressing texture
[PhysX] Initialized MultithreadedTaskDispatcher with 12 workers.
 -> (artifact id: 'f749ff5733d1389870ce87b62ab7a5d2') in 0.007278 seconds
Number of updated asset objects reloaded before import = 0
Number of asset objects unloaded after import = 3
========================================================================
Received Import Request.
  Time since last request: 0.000052 seconds.
  path: Assets/UI/_Heathen Engineering/Assets/UX/Icons/Flat Icons [Free]/Free Flat Border Single 8pt Icon.png
  artifactKey: Guid(2b4b49567b30dcf49839b100491f4bfc) Importer(815301076,1909f56bfc062723c751e8b465ee728b)
Start importing Assets/UI/_Heathen Engineering/Assets/UX/Icons/Flat Icons [Free]/Free Flat Border Single 8pt Icon.png using Guid(2b4b49567b30dcf49839b100491f4bfc) Importer(815301076,1909f56bfc062723c751e8b465ee728b) [PhysX] Initialized MultithreadedTaskDispatcher with 12 workers.
WARNING: RGBA Compressed ASTC6X6 sRGB format is not supported, decompressing texture
[PhysX] Initialized MultithreadedTaskDispatcher with 12 workers.
 -> (artifact id: '92f44c819c25e579610ada2d6a9bafbe') in 0.009709 seconds
Number of updated asset objects reloaded before import = 0
Number of asset objects unloaded after import = 3
========================================================================
Received Import Request.
  Time since last request: 0.000119 seconds.
  path: Assets/UI/_Heathen Engineering/Assets/UX/Icons/Flat Icons [Free]/Free Flat Border Single 2pt Icon.png
  artifactKey: Guid(d3583677195ecc645bee6ca3d5c03068) Importer(815301076,1909f56bfc062723c751e8b465ee728b)
Start importing Assets/UI/_Heathen Engineering/Assets/UX/Icons/Flat Icons [Free]/Free Flat Border Single 2pt Icon.png using Guid(d3583677195ecc645bee6ca3d5c03068) Importer(815301076,1909f56bfc062723c751e8b465ee728b) [PhysX] Initialized MultithreadedTaskDispatcher with 12 workers.
WARNING: RGBA Compressed ASTC6X6 sRGB format is not supported, decompressing texture
[PhysX] Initialized MultithreadedTaskDispatcher with 12 workers.
 -> (artifact id: '1791d8ceadef76f73cd95c2f49963f0c') in 0.007581 seconds
Number of updated asset objects reloaded before import = 0
Number of asset objects unloaded after import = 3
========================================================================
Received Import Request.
  Time since last request: 0.000183 seconds.
  path: Assets/UI/_Heathen Engineering/Assets/UX/Icons/Flat Icons [Free]/Free Flat Button Solid Circle Icon.png
  artifactKey: Guid(c4e2123aca855c547899d4e1cbd4312b) Importer(815301076,1909f56bfc062723c751e8b465ee728b)
Start importing Assets/UI/_Heathen Engineering/Assets/UX/Icons/Flat Icons [Free]/Free Flat Button Solid Circle Icon.png using Guid(c4e2123aca855c547899d4e1cbd4312b) Importer(815301076,1909f56bfc062723c751e8b465ee728b) [PhysX] Initialized MultithreadedTaskDispatcher with 12 workers.
WARNING: RGBA Compressed ASTC6X6 sRGB format is not supported, decompressing texture
[PhysX] Initialized MultithreadedTaskDispatcher with 12 workers.
 -> (artifact id: 'bc48ef6e2c300d82d79cf8226e5720a4') in 0.009290 seconds
Number of updated asset objects reloaded before import = 0
Number of asset objects unloaded after import = 3
========================================================================
Received Import Request.
  Time since last request: 0.000061 seconds.
  path: Assets/UI/_Heathen Engineering/Assets/UX/Icons/Flat Icons [Free]/Free Flat Button Solid Left 2 Icon.png
  artifactKey: Guid(340813340169a9f4e9222a2ed4b4ca5b) Importer(815301076,1909f56bfc062723c751e8b465ee728b)
Start importing Assets/UI/_Heathen Engineering/Assets/UX/Icons/Flat Icons [Free]/Free Flat Button Solid Left 2 Icon.png using Guid(340813340169a9f4e9222a2ed4b4ca5b) Importer(815301076,1909f56bfc062723c751e8b465ee728b) [PhysX] Initialized MultithreadedTaskDispatcher with 12 workers.
WARNING: RGBA Compressed ASTC6X6 sRGB format is not supported, decompressing texture
[PhysX] Initialized MultithreadedTaskDispatcher with 12 workers.
 -> (artifact id: 'becc7f4ba07e4e3b12fa8629f64f7a16') in 0.010895 seconds
Number of updated asset objects reloaded before import = 0
Number of asset objects unloaded after import = 3
========================================================================
Received Import Request.
  Time since last request: 0.000049 seconds.
  path: Assets/UI/_Heathen Engineering/Assets/UX/Icons/Flat Icons [Free]/Free Flat Button Solid Right 3 Icon.png
  artifactKey: Guid(e5ac73b6ab71b5446a70c3cf954f4d2f) Importer(815301076,1909f56bfc062723c751e8b465ee728b)
Start importing Assets/UI/_Heathen Engineering/Assets/UX/Icons/Flat Icons [Free]/Free Flat Button Solid Right 3 Icon.png using Guid(e5ac73b6ab71b5446a70c3cf954f4d2f) Importer(815301076,1909f56bfc062723c751e8b465ee728b) [PhysX] Initialized MultithreadedTaskDispatcher with 12 workers.
WARNING: RGBA Compressed ASTC6X6 sRGB format is not supported, decompressing texture
[PhysX] Initialized MultithreadedTaskDispatcher with 12 workers.
 -> (artifact id: '4fb6adf784e0a04133a645851f8627ad') in 0.009997 seconds
Number of updated asset objects reloaded before import = 0
Number of asset objects unloaded after import = 3
========================================================================
Received Import Request.
  Time since last request: 0.000081 seconds.
  path: Assets/UI/_Heathen Engineering/Assets/UX/Icons/Flat Icons [Free]/Free Flat Button Solid Right Bumper Icon.png
  artifactKey: Guid(f26be72dc8be4764ca51a54b57d312d0) Importer(815301076,1909f56bfc062723c751e8b465ee728b)
Start importing Assets/UI/_Heathen Engineering/Assets/UX/Icons/Flat Icons [Free]/Free Flat Button Solid Right Bumper Icon.png using Guid(f26be72dc8be4764ca51a54b57d312d0) Importer(815301076,1909f56bfc062723c751e8b465ee728b) [PhysX] Initialized MultithreadedTaskDispatcher with 12 workers.
WARNING: RGBA Compressed ASTC6X6 sRGB format is not supported, decompressing texture
[PhysX] Initialized MultithreadedTaskDispatcher with 12 workers.
 -> (artifact id: '43e96065217e81bc5df32c8462cc7cf6') in 0.009347 seconds
Number of updated asset objects reloaded before import = 0
Number of asset objects unloaded after import = 3
========================================================================
Received Import Request.
  Time since last request: 0.000043 seconds.
  path: Assets/UI/_Heathen Engineering/Assets/UX/Icons/Flat Icons [Free]/Free Flat Button Solid Left Icon.png
  artifactKey: Guid(f610d61d0fea207459ce90dcbb4ea0fc) Importer(815301076,1909f56bfc062723c751e8b465ee728b)
Start importing Assets/UI/_Heathen Engineering/Assets/UX/Icons/Flat Icons [Free]/Free Flat Button Solid Left Icon.png using Guid(f610d61d0fea207459ce90dcbb4ea0fc) Importer(815301076,1909f56bfc062723c751e8b465ee728b) [PhysX] Initialized MultithreadedTaskDispatcher with 12 workers.
WARNING: RGBA Compressed ASTC6X6 sRGB format is not supported, decompressing texture
[PhysX] Initialized MultithreadedTaskDispatcher with 12 workers.
 -> (artifact id: '3403426d67e92071210b0429f9f69295') in 0.009328 seconds
Number of updated asset objects reloaded before import = 0
Number of asset objects unloaded after import = 3
========================================================================
Received Import Request.
  Time since last request: 0.000017 seconds.
  path: Assets/UI/_Heathen Engineering/Assets/UX/Icons/Flat Icons [Free]/Free Flat Button Solid X Icon.png
  artifactKey: Guid(31261ef829c8d5443941fedf93581633) Importer(815301076,1909f56bfc062723c751e8b465ee728b)
Start importing Assets/UI/_Heathen Engineering/Assets/UX/Icons/Flat Icons [Free]/Free Flat Button Solid X Icon.png using Guid(31261ef829c8d5443941fedf93581633) Importer(815301076,1909f56bfc062723c751e8b465ee728b) [PhysX] Initialized MultithreadedTaskDispatcher with 12 workers.
WARNING: RGBA Compressed ASTC6X6 sRGB format is not supported, decompressing texture
[PhysX] Initialized MultithreadedTaskDispatcher with 12 workers.
 -> (artifact id: '93672aaaaa603dd17e54f20983bc1b24') in 0.009868 seconds
Number of updated asset objects reloaded before import = 0
Number of asset objects unloaded after import = 3
========================================================================
Received Import Request.
  Time since last request: 0.000042 seconds.
  path: Assets/UI/_Heathen Engineering/Assets/UX/Icons/Flat Icons [Free]/Free Flat Button Blank Left 2 Icon.png
  artifactKey: Guid(e884030ede1e6034d84629a0b4acb5be) Importer(815301076,1909f56bfc062723c751e8b465ee728b)
Start importing Assets/UI/_Heathen Engineering/Assets/UX/Icons/Flat Icons [Free]/Free Flat Button Blank Left 2 Icon.png using Guid(e884030ede1e6034d84629a0b4acb5be) Importer(815301076,1909f56bfc062723c751e8b465ee728b) [PhysX] Initialized MultithreadedTaskDispatcher with 12 workers.
WARNING: RGBA Compressed ASTC6X6 sRGB format is not supported, decompressing texture
[PhysX] Initialized MultithreadedTaskDispatcher with 12 workers.
 -> (artifact id: 'de9ce8385f52f8af954dfa253b65251e') in 0.009714 seconds
Number of updated asset objects reloaded before import = 0
Number of asset objects unloaded after import = 3
========================================================================
Received Import Request.
  Time since last request: 0.000017 seconds.
  path: Assets/UI/_Heathen Engineering/Assets/UX/Icons/Flat Icons [Free]/Free Flat Button Blank Left 1 Icon.png
  artifactKey: Guid(44b9de42941a2734d80bc4bb2f45f09b) Importer(815301076,1909f56bfc062723c751e8b465ee728b)
Start importing Assets/UI/_Heathen Engineering/Assets/UX/Icons/Flat Icons [Free]/Free Flat Button Blank Left 1 Icon.png using Guid(44b9de42941a2734d80bc4bb2f45f09b) Importer(815301076,1909f56bfc062723c751e8b465ee728b) [PhysX] Initialized MultithreadedTaskDispatcher with 12 workers.
WARNING: RGBA Compressed ASTC6X6 sRGB format is not supported, decompressing texture
[PhysX] Initialized MultithreadedTaskDispatcher with 12 workers.
 -> (artifact id: '01607f738faa74c692af316d53318701') in 0.009063 seconds
Number of updated asset objects reloaded before import = 0
Number of asset objects unloaded after import = 3
========================================================================
Received Import Request.
  Time since last request: 0.000042 seconds.
  path: Assets/UI/_Heathen Engineering/Assets/UX/Icons/Flat Icons [Free]/Free Flat Button Blank Right Trigger Icon.png
  artifactKey: Guid(859fea088a5120b479928f78ad7e5703) Importer(815301076,1909f56bfc062723c751e8b465ee728b)
Start importing Assets/UI/_Heathen Engineering/Assets/UX/Icons/Flat Icons [Free]/Free Flat Button Blank Right Trigger Icon.png using Guid(859fea088a5120b479928f78ad7e5703) Importer(815301076,1909f56bfc062723c751e8b465ee728b) [PhysX] Initialized MultithreadedTaskDispatcher with 12 workers.
WARNING: RGBA Compressed ASTC6X6 sRGB format is not supported, decompressing texture
[PhysX] Initialized MultithreadedTaskDispatcher with 12 workers.
 -> (artifact id: 'eea3e0679ca31c959cbeac6f234f79d0') in 0.009471 seconds
Number of updated asset objects reloaded before import = 0
Number of asset objects unloaded after import = 3
========================================================================
Received Import Request.
  Time since last request: 0.000041 seconds.
  path: Assets/UI/_Heathen Engineering/Assets/UX/Icons/Flat Icons [Free]/Free Flat Button Solid Left Trigger Icon.png
  artifactKey: Guid(99e3ae56e068f9d4a880289d87a4c4a2) Importer(815301076,1909f56bfc062723c751e8b465ee728b)
Start importing Assets/UI/_Heathen Engineering/Assets/UX/Icons/Flat Icons [Free]/Free Flat Button Solid Left Trigger Icon.png using Guid(99e3ae56e068f9d4a880289d87a4c4a2) Importer(815301076,1909f56bfc062723c751e8b465ee728b) [PhysX] Initialized MultithreadedTaskDispatcher with 12 workers.
WARNING: RGBA Compressed ASTC6X6 sRGB format is not supported, decompressing texture
[PhysX] Initialized MultithreadedTaskDispatcher with 12 workers.
 -> (artifact id: 'd6e1da43cb06b7fd62e81b0489261565') in 0.009036 seconds
Number of updated asset objects reloaded before import = 0
Number of asset objects unloaded after import = 3
========================================================================
Received Import Request.
  Time since last request: 0.000173 seconds.
  path: Assets/UI/_Heathen Engineering/Assets/UX/Icons/Flat Icons [Free]/Free Flat Button Solid Right Icon.png
  artifactKey: Guid(133177f5811aded4995e8f89f46aee00) Importer(815301076,1909f56bfc062723c751e8b465ee728b)
Start importing Assets/UI/_Heathen Engineering/Assets/UX/Icons/Flat Icons [Free]/Free Flat Button Solid Right Icon.png using Guid(133177f5811aded4995e8f89f46aee00) Importer(815301076,1909f56bfc062723c751e8b465ee728b) [PhysX] Initialized MultithreadedTaskDispatcher with 12 workers.
WARNING: RGBA Compressed ASTC6X6 sRGB format is not supported, decompressing texture
[PhysX] Initialized MultithreadedTaskDispatcher with 12 workers.
 -> (artifact id: '4aaaf6c03f26a4ff500213a3662a2144') in 0.009202 seconds
Number of updated asset objects reloaded before import = 0
Number of asset objects unloaded after import = 3
========================================================================
Received Import Request.
  Time since last request: 0.000036 seconds.
  path: Assets/UI/_Heathen Engineering/Assets/UX/Icons/Flat Icons [Free]/Free Flat Button Blank Left 3 Icon.png
  artifactKey: Guid(4f3012bd5d70cd841b352ad5afdb9c3c) Importer(815301076,1909f56bfc062723c751e8b465ee728b)
Start importing Assets/UI/_Heathen Engineering/Assets/UX/Icons/Flat Icons [Free]/Free Flat Button Blank Left 3 Icon.png using Guid(4f3012bd5d70cd841b352ad5afdb9c3c) Importer(815301076,1909f56bfc062723c751e8b465ee728b) [PhysX] Initialized MultithreadedTaskDispatcher with 12 workers.
WARNING: RGBA Compressed ASTC6X6 sRGB format is not supported, decompressing texture
[PhysX] Initialized MultithreadedTaskDispatcher with 12 workers.
 -> (artifact id: 'ef80e8f1a3d67816a4830d5bc040068b') in 0.009546 seconds
Number of updated asset objects reloaded before import = 0
Number of asset objects unloaded after import = 3
========================================================================
Received Import Request.
  Time since last request: 0.000034 seconds.
  path: Assets/UI/_Heathen Engineering/Assets/UX/Icons/Flat Icons [Free]/Free Flat Button Solid A Icon.png
  artifactKey: Guid(19b84d13b4e51a64b8aa6f9532611ef6) Importer(815301076,1909f56bfc062723c751e8b465ee728b)
Start importing Assets/UI/_Heathen Engineering/Assets/UX/Icons/Flat Icons [Free]/Free Flat Button Solid A Icon.png using Guid(19b84d13b4e51a64b8aa6f9532611ef6) Importer(815301076,1909f56bfc062723c751e8b465ee728b) [PhysX] Initialized MultithreadedTaskDispatcher with 12 workers.
WARNING: RGBA Compressed ASTC6X6 sRGB format is not supported, decompressing texture
[PhysX] Initialized MultithreadedTaskDispatcher with 12 workers.
 -> (artifact id: '782933669e9d12c000c4b6af2cfb993f') in 0.009955 seconds
Number of updated asset objects reloaded before import = 0
Number of asset objects unloaded after import = 3
========================================================================
Received Import Request.
  Time since last request: 0.000029 seconds.
  path: Assets/UI/_Heathen Engineering/Assets/UX/Icons/Flat Icons [Free]/Free Flat Button Solid Y Icon.png
  artifactKey: Guid(f3565a7a017759148b71fa384df16242) Importer(815301076,1909f56bfc062723c751e8b465ee728b)
Start importing Assets/UI/_Heathen Engineering/Assets/UX/Icons/Flat Icons [Free]/Free Flat Button Solid Y Icon.png using Guid(f3565a7a017759148b71fa384df16242) Importer(815301076,1909f56bfc062723c751e8b465ee728b) [PhysX] Initialized MultithreadedTaskDispatcher with 12 workers.
WARNING: RGBA Compressed ASTC6X6 sRGB format is not supported, decompressing texture
[PhysX] Initialized MultithreadedTaskDispatcher with 12 workers.
 -> (artifact id: '0a7410a33f0bf70ab9fee6dbc870e8e5') in 0.008777 seconds
Number of updated asset objects reloaded before import = 0
Number of asset objects unloaded after import = 3
========================================================================
Received Import Request.
  Time since last request: 0.000110 seconds.
  path: Assets/UI/_Heathen Engineering/Assets/UX/Icons/Flat Icons [Free]/Free Flat Border Double 1-2pt Icon.png
  artifactKey: Guid(92a6e63d8da7f3342b5c23c8da734580) Importer(815301076,1909f56bfc062723c751e8b465ee728b)
Start importing Assets/UI/_Heathen Engineering/Assets/UX/Icons/Flat Icons [Free]/Free Flat Border Double 1-2pt Icon.png using Guid(92a6e63d8da7f3342b5c23c8da734580) Importer(815301076,1909f56bfc062723c751e8b465ee728b) [PhysX] Initialized MultithreadedTaskDispatcher with 12 workers.
WARNING: RGBA Compressed ASTC6X6 sRGB format is not supported, decompressing texture
[PhysX] Initialized MultithreadedTaskDispatcher with 12 workers.
 -> (artifact id: '5a5ad5120131691bda88f1f10ac6745a') in 0.005677 seconds
Number of updated asset objects reloaded before import = 0
Number of asset objects unloaded after import = 3
========================================================================
Received Import Request.
  Time since last request: 0.400301 seconds.
  path: Assets/UI/_Heathen Engineering/Assets/UX/Icons/Flat Icons [Free]/Free Flat Chat 1 Blank Icon.png
  artifactKey: Guid(71d79bf573254f644a28e7c73e416105) Importer(815301076,1909f56bfc062723c751e8b465ee728b)
Start importing Assets/UI/_Heathen Engineering/Assets/UX/Icons/Flat Icons [Free]/Free Flat Chat 1 Blank Icon.png using Guid(71d79bf573254f644a28e7c73e416105) Importer(815301076,1909f56bfc062723c751e8b465ee728b) [PhysX] Initialized MultithreadedTaskDispatcher with 12 workers.
WARNING: RGBA Compressed ASTC6X6 sRGB format is not supported, decompressing texture
[PhysX] Initialized MultithreadedTaskDispatcher with 12 workers.
 -> (artifact id: '7d6f3eda33c9d83eca68f85451695e22') in 0.008400 seconds
Number of updated asset objects reloaded before import = 0
Number of asset objects unloaded after import = 3
========================================================================
Received Import Request.
  Time since last request: 0.000032 seconds.
  path: Assets/UI/_Heathen Engineering/Assets/UX/Icons/Flat Icons [Free]/Free Flat Chat 2 Ellipsis Icon.png
  artifactKey: Guid(88c10575716b42f4681514f464e8e81f) Importer(815301076,1909f56bfc062723c751e8b465ee728b)
Start importing Assets/UI/_Heathen Engineering/Assets/UX/Icons/Flat Icons [Free]/Free Flat Chat 2 Ellipsis Icon.png using Guid(88c10575716b42f4681514f464e8e81f) Importer(815301076,1909f56bfc062723c751e8b465ee728b) [PhysX] Initialized MultithreadedTaskDispatcher with 12 workers.
WARNING: RGBA Compressed ASTC6X6 sRGB format is not supported, decompressing texture
[PhysX] Initialized MultithreadedTaskDispatcher with 12 workers.
 -> (artifact id: '300e63f0da3686b9236fcb7f862f1a9b') in 0.010011 seconds
Number of updated asset objects reloaded before import = 0
Number of asset objects unloaded after import = 3
========================================================================
Received Import Request.
  Time since last request: 0.000014 seconds.
  path: Assets/UI/_Heathen Engineering/Assets/UX/Icons/Flat Icons [Free]/Free Flat Chat 3 Blank Icon.png
  artifactKey: Guid(c7986faa57fc5ab478937d4fed66b1bb) Importer(815301076,1909f56bfc062723c751e8b465ee728b)
Start importing Assets/UI/_Heathen Engineering/Assets/UX/Icons/Flat Icons [Free]/Free Flat Chat 3 Blank Icon.png using Guid(c7986faa57fc5ab478937d4fed66b1bb) Importer(815301076,1909f56bfc062723c751e8b465ee728b) [PhysX] Initialized MultithreadedTaskDispatcher with 12 workers.
WARNING: RGBA Compressed ASTC6X6 sRGB format is not supported, decompressing texture
[PhysX] Initialized MultithreadedTaskDispatcher with 12 workers.
 -> (artifact id: 'de16ace9aa465ca622197028c6a7ddec') in 0.008311 seconds
Number of updated asset objects reloaded before import = 0
Number of asset objects unloaded after import = 3
========================================================================
Received Import Request.
  Time since last request: 0.000040 seconds.
  path: Assets/UI/_Heathen Engineering/Assets/UX/Icons/Flat Icons [Free]/Free Flat Cloud 1 Icon.png
  artifactKey: Guid(42e143c86e7453d4f8f631ea354c035a) Importer(815301076,1909f56bfc062723c751e8b465ee728b)
Start importing Assets/UI/_Heathen Engineering/Assets/UX/Icons/Flat Icons [Free]/Free Flat Cloud 1 Icon.png using Guid(42e143c86e7453d4f8f631ea354c035a) Importer(815301076,1909f56bfc062723c751e8b465ee728b) [PhysX] Initialized MultithreadedTaskDispatcher with 12 workers.
WARNING: RGBA Compressed ASTC6X6 sRGB format is not supported, decompressing texture
[PhysX] Initialized MultithreadedTaskDispatcher with 12 workers.
 -> (artifact id: 'e30d2f5b100a7099249712e8d9acb8f7') in 0.008893 seconds
Number of updated asset objects reloaded before import = 0
Number of asset objects unloaded after import = 3
========================================================================
Received Import Request.
  Time since last request: 0.000038 seconds.
  path: Assets/UI/_Heathen Engineering/Assets/UX/Icons/Flat Icons [Free]/Free Flat Connection 0 Icon.png
  artifactKey: Guid(2835edfbaa1a84341974068ce97952c5) Importer(815301076,1909f56bfc062723c751e8b465ee728b)
Start importing Assets/UI/_Heathen Engineering/Assets/UX/Icons/Flat Icons [Free]/Free Flat Connection 0 Icon.png using Guid(2835edfbaa1a84341974068ce97952c5) Importer(815301076,1909f56bfc062723c751e8b465ee728b) [PhysX] Initialized MultithreadedTaskDispatcher with 12 workers.
WARNING: RGBA Compressed ASTC6X6 sRGB format is not supported, decompressing texture
[PhysX] Initialized MultithreadedTaskDispatcher with 12 workers.
 -> (artifact id: 'd674e9f9c21d9d2b30e3a10445983e9c') in 0.008646 seconds
Number of updated asset objects reloaded before import = 0
Number of asset objects unloaded after import = 3
========================================================================
Received Import Request.
  Time since last request: 0.000016 seconds.
  path: Assets/UI/_Heathen Engineering/Assets/UX/Icons/Flat Icons [Free]/Free Flat Connection 1 Icon.png
  artifactKey: Guid(aa594d32530d2e84fbddfe4be182a215) Importer(815301076,1909f56bfc062723c751e8b465ee728b)
Start importing Assets/UI/_Heathen Engineering/Assets/UX/Icons/Flat Icons [Free]/Free Flat Connection 1 Icon.png using Guid(aa594d32530d2e84fbddfe4be182a215) Importer(815301076,1909f56bfc062723c751e8b465ee728b) [PhysX] Initialized MultithreadedTaskDispatcher with 12 workers.
WARNING: RGBA Compressed ASTC6X6 sRGB format is not supported, decompressing texture
[PhysX] Initialized MultithreadedTaskDispatcher with 12 workers.
 -> (artifact id: '2638e74b65a4a08de290c8fda7a17e8a') in 0.008225 seconds
Number of updated asset objects reloaded before import = 0
Number of asset objects unloaded after import = 3
========================================================================
Received Import Request.
  Time since last request: 0.000054 seconds.
  path: Assets/UI/_Heathen Engineering/Assets/UX/Icons/Flat Icons [Free]/Free Flat Chat 3 Exclaim Icon.png
  artifactKey: Guid(078f2bfa61d319f42b811c4c87166211) Importer(815301076,1909f56bfc062723c751e8b465ee728b)
Start importing Assets/UI/_Heathen Engineering/Assets/UX/Icons/Flat Icons [Free]/Free Flat Chat 3 Exclaim Icon.png using Guid(078f2bfa61d319f42b811c4c87166211) Importer(815301076,1909f56bfc062723c751e8b465ee728b) [PhysX] Initialized MultithreadedTaskDispatcher with 12 workers.
WARNING: RGBA Compressed ASTC6X6 sRGB format is not supported, decompressing texture
[PhysX] Initialized MultithreadedTaskDispatcher with 12 workers.
 -> (artifact id: 'a247833f7cccc2d05d1bac7f4f86f019') in 0.008736 seconds
Number of updated asset objects reloaded before import = 0
Number of asset objects unloaded after import = 3
========================================================================
Received Import Request.
  Time since last request: 0.000046 seconds.
  path: Assets/UI/_Heathen Engineering/Assets/UX/Icons/Flat Icons [Free]/Free Flat Cloud 2 Icon.png
  artifactKey: Guid(867f6a421a63e4d41ab1ac5e7120e733) Importer(815301076,1909f56bfc062723c751e8b465ee728b)
Start importing Assets/UI/_Heathen Engineering/Assets/UX/Icons/Flat Icons [Free]/Free Flat Cloud 2 Icon.png using Guid(867f6a421a63e4d41ab1ac5e7120e733) Importer(815301076,1909f56bfc062723c751e8b465ee728b) [PhysX] Initialized MultithreadedTaskDispatcher with 12 workers.
WARNING: RGBA Compressed ASTC6X6 sRGB format is not supported, decompressing texture
[PhysX] Initialized MultithreadedTaskDispatcher with 12 workers.
 -> (artifact id: '6722399188046482eb8cf9bb8d5323c6') in 0.008652 seconds
Number of updated asset objects reloaded before import = 0
Number of asset objects unloaded after import = 3
========================================================================
Received Import Request.
  Time since last request: 0.000035 seconds.
  path: Assets/UI/_Heathen Engineering/Assets/UX/Icons/Flat Icons [Free]/Free Flat Cloud Icon.png
  artifactKey: Guid(dabc19380a76426458ac691061a1a10a) Importer(815301076,1909f56bfc062723c751e8b465ee728b)
Start importing Assets/UI/_Heathen Engineering/Assets/UX/Icons/Flat Icons [Free]/Free Flat Cloud Icon.png using Guid(dabc19380a76426458ac691061a1a10a) Importer(815301076,1909f56bfc062723c751e8b465ee728b) [PhysX] Initialized MultithreadedTaskDispatcher with 12 workers.
WARNING: RGBA Compressed ASTC6X6 sRGB format is not supported, decompressing texture
[PhysX] Initialized MultithreadedTaskDispatcher with 12 workers.
 -> (artifact id: '13e225245a458f4fb64ca574cb4a3b9a') in 0.008840 seconds
Number of updated asset objects reloaded before import = 0
Number of asset objects unloaded after import = 3
========================================================================
Received Import Request.
  Time since last request: 0.000047 seconds.
  path: Assets/UI/_Heathen Engineering/Assets/UX/Icons/Flat Icons [Free]/Free Flat Chat 1 Exclaim Icon.png
  artifactKey: Guid(2d69c6f4e333cb449acab64d0c219815) Importer(815301076,1909f56bfc062723c751e8b465ee728b)
Start importing Assets/UI/_Heathen Engineering/Assets/UX/Icons/Flat Icons [Free]/Free Flat Chat 1 Exclaim Icon.png using Guid(2d69c6f4e333cb449acab64d0c219815) Importer(815301076,1909f56bfc062723c751e8b465ee728b) [PhysX] Initialized MultithreadedTaskDispatcher with 12 workers.
WARNING: RGBA Compressed ASTC6X6 sRGB format is not supported, decompressing texture
[PhysX] Initialized MultithreadedTaskDispatcher with 12 workers.
 -> (artifact id: 'd7f0decb39a53913955a0ebe3939696e') in 0.009340 seconds
Number of updated asset objects reloaded before import = 0
Number of asset objects unloaded after import = 3
========================================================================
Received Import Request.
  Time since last request: 0.039143 seconds.
  path: Assets/UI/_Heathen Engineering/Assets/UX/Icons/Flat Icons [Free]/Free Flat Connection 2 Icon.png
  artifactKey: Guid(5d52258ac0c672b4696b3d924f44d149) Importer(815301076,1909f56bfc062723c751e8b465ee728b)
Start importing Assets/UI/_Heathen Engineering/Assets/UX/Icons/Flat Icons [Free]/Free Flat Connection 2 Icon.png using Guid(5d52258ac0c672b4696b3d924f44d149) Importer(815301076,1909f56bfc062723c751e8b465ee728b) [PhysX] Initialized MultithreadedTaskDispatcher with 12 workers.
WARNING: RGBA Compressed ASTC6X6 sRGB format is not supported, decompressing texture
[PhysX] Initialized MultithreadedTaskDispatcher with 12 workers.
 -> (artifact id: 'e680fd55b3a2cfca4089ac6dbaceed04') in 0.007252 seconds
Number of updated asset objects reloaded before import = 0
Number of asset objects unloaded after import = 3
========================================================================
Received Import Request.
  Time since last request: 0.000064 seconds.
  path: Assets/UI/_Heathen Engineering/Assets/UX/Icons/Flat Icons [Free]/Free Flat Disk 5 Icon.png
  artifactKey: Guid(abccf8751e994124bb259458fbbf08c3) Importer(815301076,1909f56bfc062723c751e8b465ee728b)
Start importing Assets/UI/_Heathen Engineering/Assets/UX/Icons/Flat Icons [Free]/Free Flat Disk 5 Icon.png using Guid(abccf8751e994124bb259458fbbf08c3) Importer(815301076,1909f56bfc062723c751e8b465ee728b) [PhysX] Initialized MultithreadedTaskDispatcher with 12 workers.
WARNING: RGBA Compressed ASTC6X6 sRGB format is not supported, decompressing texture
[PhysX] Initialized MultithreadedTaskDispatcher with 12 workers.
 -> (artifact id: '7c3830b9d0e4673a056a594b221e8ec7') in 0.009229 seconds
Number of updated asset objects reloaded before import = 0
Number of asset objects unloaded after import = 3
========================================================================
Received Import Request.
  Time since last request: 0.000014 seconds.
  path: Assets/UI/_Heathen Engineering/Assets/UX/Icons/Flat Icons [Free]/Free Flat Gear 3 Icon.png
  artifactKey: Guid(4cc60f0142748304ca70d11a2ce32203) Importer(815301076,1909f56bfc062723c751e8b465ee728b)
Start importing Assets/UI/_Heathen Engineering/Assets/UX/Icons/Flat Icons [Free]/Free Flat Gear 3 Icon.png using Guid(4cc60f0142748304ca70d11a2ce32203) Importer(815301076,1909f56bfc062723c751e8b465ee728b) [PhysX] Initialized MultithreadedTaskDispatcher with 12 workers.
WARNING: RGBA Compressed ASTC6X6 sRGB format is not supported, decompressing texture
[PhysX] Initialized MultithreadedTaskDispatcher with 12 workers.
 -> (artifact id: '4a403e5f802295306232aa222360afea') in 0.008760 seconds
Number of updated asset objects reloaded before import = 0
Number of asset objects unloaded after import = 3
========================================================================
Received Import Request.
  Time since last request: 0.000124 seconds.
  path: Assets/UI/_Heathen Engineering/Assets/UX/Icons/Flat Icons [Free]/Free Flat Edit Icon.png
  artifactKey: Guid(8cd55c5b366c4574d93e99269b8a01d9) Importer(815301076,1909f56bfc062723c751e8b465ee728b)
Start importing Assets/UI/_Heathen Engineering/Assets/UX/Icons/Flat Icons [Free]/Free Flat Edit Icon.png using Guid(8cd55c5b366c4574d93e99269b8a01d9) Importer(815301076,1909f56bfc062723c751e8b465ee728b) [PhysX] Initialized MultithreadedTaskDispatcher with 12 workers.
WARNING: RGBA Compressed ASTC6X6 sRGB format is not supported, decompressing texture
[PhysX] Initialized MultithreadedTaskDispatcher with 12 workers.
 -> (artifact id: 'a78395103163cc4d7d0efe0b879f9131') in 0.007488 seconds
Number of updated asset objects reloaded before import = 0
Number of asset objects unloaded after import = 3
========================================================================
Received Import Request.
  Time since last request: 0.000046 seconds.
  path: Assets/UI/_Heathen Engineering/Assets/UX/Icons/Flat Icons [Free]/Free Flat Download 1 Icon.png
  artifactKey: Guid(7edd250b04abcb14599c39485d6a4e0c) Importer(815301076,1909f56bfc062723c751e8b465ee728b)
Start importing Assets/UI/_Heathen Engineering/Assets/UX/Icons/Flat Icons [Free]/Free Flat Download 1 Icon.png using Guid(7edd250b04abcb14599c39485d6a4e0c) Importer(815301076,1909f56bfc062723c751e8b465ee728b) [PhysX] Initialized MultithreadedTaskDispatcher with 12 workers.
WARNING: RGBA Compressed ASTC6X6 sRGB format is not supported, decompressing texture
[PhysX] Initialized MultithreadedTaskDispatcher with 12 workers.
 -> (artifact id: 'a42f574055fc40046538ee2e27926b6b') in 0.007372 seconds
Number of updated asset objects reloaded before import = 0
Number of asset objects unloaded after import = 3
========================================================================
Received Import Request.
  Time since last request: 0.000085 seconds.
  path: Assets/UI/_Heathen Engineering/Assets/UX/Icons/Flat Icons [Free]/Free Flat Gear 2 Icon.png
  artifactKey: Guid(064df71df088bcf4aa33e70a7ebdd421) Importer(815301076,1909f56bfc062723c751e8b465ee728b)
Start importing Assets/UI/_Heathen Engineering/Assets/UX/Icons/Flat Icons [Free]/Free Flat Gear 2 Icon.png using Guid(064df71df088bcf4aa33e70a7ebdd421) Importer(815301076,1909f56bfc062723c751e8b465ee728b) [PhysX] Initialized MultithreadedTaskDispatcher with 12 workers.
WARNING: RGBA Compressed ASTC6X6 sRGB format is not supported, decompressing texture
[PhysX] Initialized MultithreadedTaskDispatcher with 12 workers.
 -> (artifact id: '0d54b913a50dcef109e9fe4f5bafc697') in 0.009669 seconds
Number of updated asset objects reloaded before import = 0
Number of asset objects unloaded after import = 3
========================================================================
Received Import Request.
  Time since last request: 0.000051 seconds.
  path: Assets/UI/_Heathen Engineering/Assets/UX/Icons/Flat Icons [Free]/Free Flat Exit Right Icon.png
  artifactKey: Guid(d4f0d45606b591d4aa6c965c13822d65) Importer(815301076,1909f56bfc062723c751e8b465ee728b)
Start importing Assets/UI/_Heathen Engineering/Assets/UX/Icons/Flat Icons [Free]/Free Flat Exit Right Icon.png using Guid(d4f0d45606b591d4aa6c965c13822d65) Importer(815301076,1909f56bfc062723c751e8b465ee728b) [PhysX] Initialized MultithreadedTaskDispatcher with 12 workers.
WARNING: RGBA Compressed ASTC6X6 sRGB format is not supported, decompressing texture
[PhysX] Initialized MultithreadedTaskDispatcher with 12 workers.
 -> (artifact id: '2ce544e57bbb3db034c76eb818f67c68') in 0.009177 seconds
Number of updated asset objects reloaded before import = 0
Number of asset objects unloaded after import = 3
========================================================================
Received Import Request.
  Time since last request: 0.000066 seconds.
  path: Assets/UI/_Heathen Engineering/Assets/UX/Icons/Flat Icons [Free]/Free Flat Disk 2 Icon.png
  artifactKey: Guid(bd932e08b9a3647458aace94f16cf6ca) Importer(815301076,1909f56bfc062723c751e8b465ee728b)
Start importing Assets/UI/_Heathen Engineering/Assets/UX/Icons/Flat Icons [Free]/Free Flat Disk 2 Icon.png using Guid(bd932e08b9a3647458aace94f16cf6ca) Importer(815301076,1909f56bfc062723c751e8b465ee728b) [PhysX] Initialized MultithreadedTaskDispatcher with 12 workers.
WARNING: RGBA Compressed ASTC6X6 sRGB format is not supported, decompressing texture
[PhysX] Initialized MultithreadedTaskDispatcher with 12 workers.
 -> (artifact id: '1f157d0b77409bb15fbb8e2951baa16f') in 0.009301 seconds
Number of updated asset objects reloaded before import = 0
Number of asset objects unloaded after import = 3
========================================================================
Received Import Request.
  Time since last request: 0.000053 seconds.
  path: Assets/UI/_Heathen Engineering/Assets/UX/Icons/Flat Icons [Free]/Free Flat Funnel Icon.png
  artifactKey: Guid(50578edbd10cc3a438c38d6d4493b7b1) Importer(815301076,1909f56bfc062723c751e8b465ee728b)
Start importing Assets/UI/_Heathen Engineering/Assets/UX/Icons/Flat Icons [Free]/Free Flat Funnel Icon.png using Guid(50578edbd10cc3a438c38d6d4493b7b1) Importer(815301076,1909f56bfc062723c751e8b465ee728b) [PhysX] Initialized MultithreadedTaskDispatcher with 12 workers.
WARNING: RGBA Compressed ASTC6X6 sRGB format is not supported, decompressing texture
[PhysX] Initialized MultithreadedTaskDispatcher with 12 workers.
 -> (artifact id: '235d9b56f4dc8a4727def887b39fc88e') in 0.007536 seconds
Number of updated asset objects reloaded before import = 0
Number of asset objects unloaded after import = 3
========================================================================
Received Import Request.
  Time since last request: 0.000159 seconds.
  path: Assets/UI/_Heathen Engineering/Assets/UX/Icons/Flat Icons [Free]/Free Flat Gear 4 Icon.png
  artifactKey: Guid(2fa906dd9c7da0e44b82fa4cda8f8a8a) Importer(815301076,1909f56bfc062723c751e8b465ee728b)
Start importing Assets/UI/_Heathen Engineering/Assets/UX/Icons/Flat Icons [Free]/Free Flat Gear 4 Icon.png using Guid(2fa906dd9c7da0e44b82fa4cda8f8a8a) Importer(815301076,1909f56bfc062723c751e8b465ee728b) [PhysX] Initialized MultithreadedTaskDispatcher with 12 workers.
WARNING: RGBA Compressed ASTC6X6 sRGB format is not supported, decompressing texture
[PhysX] Initialized MultithreadedTaskDispatcher with 12 workers.
 -> (artifact id: 'b9ffb219c8997459d8d794fb5290b673') in 0.008880 seconds
Number of updated asset objects reloaded before import = 0
Number of asset objects unloaded after import = 3
========================================================================
Received Import Request.
  Time since last request: 0.000075 seconds.
  path: Assets/UI/_Heathen Engineering/Assets/UX/Icons/Flat Icons [Free]/Free Flat Hat Solid ESW Icon.png
  artifactKey: Guid(946f65581e11fc94c83c26309552581f) Importer(815301076,1909f56bfc062723c751e8b465ee728b)
Start importing Assets/UI/_Heathen Engineering/Assets/UX/Icons/Flat Icons [Free]/Free Flat Hat Solid ESW Icon.png using Guid(946f65581e11fc94c83c26309552581f) Importer(815301076,1909f56bfc062723c751e8b465ee728b) [PhysX] Initialized MultithreadedTaskDispatcher with 12 workers.
WARNING: RGBA Compressed ASTC6X6 sRGB format is not supported, decompressing texture
[PhysX] Initialized MultithreadedTaskDispatcher with 12 workers.
 -> (artifact id: '899f31369027737fe4fdf2e039e3be9f') in 0.007485 seconds
Number of updated asset objects reloaded before import = 0
Number of asset objects unloaded after import = 3
========================================================================
Received Import Request.
  Time since last request: 0.000060 seconds.
  path: Assets/UI/_Heathen Engineering/Assets/UX/Icons/Flat Icons [Free]/Free Flat Gradient Circle (Left) Icon.png
  artifactKey: Guid(eb947f65937e82c47a6d1c17463829da) Importer(815301076,1909f56bfc062723c751e8b465ee728b)
Start importing Assets/UI/_Heathen Engineering/Assets/UX/Icons/Flat Icons [Free]/Free Flat Gradient Circle (Left) Icon.png using Guid(eb947f65937e82c47a6d1c17463829da) Importer(815301076,1909f56bfc062723c751e8b465ee728b) [PhysX] Initialized MultithreadedTaskDispatcher with 12 workers.
WARNING: RGBA Compressed ASTC6X6 sRGB format is not supported, decompressing texture
[PhysX] Initialized MultithreadedTaskDispatcher with 12 workers.
 -> (artifact id: 'feb76f35613950fa512816435fc4d943') in 0.006932 seconds
Number of updated asset objects reloaded before import = 0
Number of asset objects unloaded after import = 3
========================================================================
Received Import Request.
  Time since last request: 0.000180 seconds.
  path: Assets/UI/_Heathen Engineering/Assets/UX/Icons/Flat Icons [Free]/Free Flat Gradient Circle (Bottom) Icon.png
  artifactKey: Guid(12c3cc74bc3f4a74f8bf4f294f797d54) Importer(815301076,1909f56bfc062723c751e8b465ee728b)
Start importing Assets/UI/_Heathen Engineering/Assets/UX/Icons/Flat Icons [Free]/Free Flat Gradient Circle (Bottom) Icon.png using Guid(12c3cc74bc3f4a74f8bf4f294f797d54) Importer(815301076,1909f56bfc062723c751e8b465ee728b) [PhysX] Initialized MultithreadedTaskDispatcher with 12 workers.
WARNING: RGBA Compressed ASTC6X6 sRGB format is not supported, decompressing texture
[PhysX] Initialized MultithreadedTaskDispatcher with 12 workers.
 -> (artifact id: '21df78448ba5b18c958c067dc8f14d42') in 0.008351 seconds
Number of updated asset objects reloaded before import = 0
Number of asset objects unloaded after import = 3
========================================================================
Received Import Request.
  Time since last request: 0.000057 seconds.
  path: Assets/UI/_Heathen Engineering/Assets/UX/Icons/Flat Icons [Free]/Free Flat Hat Solid N Icon.png
  artifactKey: Guid(a7177caaa757a4d4cac55efaabd67d92) Importer(815301076,1909f56bfc062723c751e8b465ee728b)
Start importing Assets/UI/_Heathen Engineering/Assets/UX/Icons/Flat Icons [Free]/Free Flat Hat Solid N Icon.png using Guid(a7177caaa757a4d4cac55efaabd67d92) Importer(815301076,1909f56bfc062723c751e8b465ee728b) [PhysX] Initialized MultithreadedTaskDispatcher with 12 workers.
WARNING: RGBA Compressed ASTC6X6 sRGB format is not supported, decompressing texture
[PhysX] Initialized MultithreadedTaskDispatcher with 12 workers.
 -> (artifact id: 'f3e04bd50f3ad56717111f34f81072e4') in 0.008399 seconds
Number of updated asset objects reloaded before import = 0
Number of asset objects unloaded after import = 3
========================================================================
Received Import Request.
  Time since last request: 0.000050 seconds.
  path: Assets/UI/_Heathen Engineering/Assets/UX/Icons/Flat Icons [Free]/Free Flat Hat Solid E Icon.png
  artifactKey: Guid(6e5eee0c05fcf7b439b27ea85bcb070e) Importer(815301076,1909f56bfc062723c751e8b465ee728b)
Start importing Assets/UI/_Heathen Engineering/Assets/UX/Icons/Flat Icons [Free]/Free Flat Hat Solid E Icon.png using Guid(6e5eee0c05fcf7b439b27ea85bcb070e) Importer(815301076,1909f56bfc062723c751e8b465ee728b) [PhysX] Initialized MultithreadedTaskDispatcher with 12 workers.
WARNING: RGBA Compressed ASTC6X6 sRGB format is not supported, decompressing texture
[PhysX] Initialized MultithreadedTaskDispatcher with 12 workers.
 -> (artifact id: 'dc8d5252589ee8cb7f3759c12ecdce78') in 0.008445 seconds
Number of updated asset objects reloaded before import = 0
Number of asset objects unloaded after import = 3
========================================================================
Received Import Request.
  Time since last request: 0.000036 seconds.
  path: Assets/UI/_Heathen Engineering/Assets/UX/Icons/Flat Icons [Free]/Free Flat Hat Solid NES Icon.png
  artifactKey: Guid(c4ac5f3ea2864b943ac08da9a3e9d511) Importer(815301076,1909f56bfc062723c751e8b465ee728b)
Start importing Assets/UI/_Heathen Engineering/Assets/UX/Icons/Flat Icons [Free]/Free Flat Hat Solid NES Icon.png using Guid(c4ac5f3ea2864b943ac08da9a3e9d511) Importer(815301076,1909f56bfc062723c751e8b465ee728b) [PhysX] Initialized MultithreadedTaskDispatcher with 12 workers.
WARNING: RGBA Compressed ASTC6X6 sRGB format is not supported, decompressing texture
[PhysX] Initialized MultithreadedTaskDispatcher with 12 workers.
 -> (artifact id: '04654a452a925268117d2f7f04374eff') in 0.007351 seconds
Number of updated asset objects reloaded before import = 0
Number of asset objects unloaded after import = 3
========================================================================
Received Import Request.
  Time since last request: 0.000052 seconds.
  path: Assets/UI/_Heathen Engineering/Assets/UX/Icons/Flat Icons [Free]/Free Flat Gradient Vertical (Top) Icon.png
  artifactKey: Guid(2c95e0623afa9ee4fa6d3c2920292e59) Importer(815301076,1909f56bfc062723c751e8b465ee728b)
Start importing Assets/UI/_Heathen Engineering/Assets/UX/Icons/Flat Icons [Free]/Free Flat Gradient Vertical (Top) Icon.png using Guid(2c95e0623afa9ee4fa6d3c2920292e59) Importer(815301076,1909f56bfc062723c751e8b465ee728b) [PhysX] Initialized MultithreadedTaskDispatcher with 12 workers.
WARNING: RGBA Compressed ASTC6X6 sRGB format is not supported, decompressing texture
[PhysX] Initialized MultithreadedTaskDispatcher with 12 workers.
 -> (artifact id: 'e8164ad41fcfba242c3b37f4a77097f3') in 0.007653 seconds
Number of updated asset objects reloaded before import = 0
Number of asset objects unloaded after import = 3
========================================================================
Received Import Request.
  Time since last request: 0.000036 seconds.
  path: Assets/UI/_Heathen Engineering/Assets/UX/Icons/Flat Icons [Free]/Free Flat Gradient Horizontal (Left) Icon.png
  artifactKey: Guid(ddab5934254f1ae49921cf4eeb754ddc) Importer(815301076,1909f56bfc062723c751e8b465ee728b)
Start importing Assets/UI/_Heathen Engineering/Assets/UX/Icons/Flat Icons [Free]/Free Flat Gradient Horizontal (Left) Icon.png using Guid(ddab5934254f1ae49921cf4eeb754ddc) Importer(815301076,1909f56bfc062723c751e8b465ee728b) [PhysX] Initialized MultithreadedTaskDispatcher with 12 workers.
WARNING: RGBA Compressed ASTC6X6 sRGB format is not supported, decompressing texture
[PhysX] Initialized MultithreadedTaskDispatcher with 12 workers.
 -> (artifact id: '8382988d59dc5dabdd0fd5ef599cff51') in 0.006493 seconds
Number of updated asset objects reloaded before import = 0
Number of asset objects unloaded after import = 3
========================================================================
Received Import Request.
  Time since last request: 0.000039 seconds.
  path: Assets/UI/_Heathen Engineering/Assets/UX/Icons/Flat Icons [Free]/Free Flat Hat Solid EW Icon.png
  artifactKey: Guid(5e15ac1f91a3248428bfeb5aacfea078) Importer(815301076,1909f56bfc062723c751e8b465ee728b)
Start importing Assets/UI/_Heathen Engineering/Assets/UX/Icons/Flat Icons [Free]/Free Flat Hat Solid EW Icon.png using Guid(5e15ac1f91a3248428bfeb5aacfea078) Importer(815301076,1909f56bfc062723c751e8b465ee728b) [PhysX] Initialized MultithreadedTaskDispatcher with 12 workers.
WARNING: RGBA Compressed ASTC6X6 sRGB format is not supported, decompressing texture
[PhysX] Initialized MultithreadedTaskDispatcher with 12 workers.
 -> (artifact id: 'dfd72df23c71c04e282bf8233136ab9c') in 0.007735 seconds
Number of updated asset objects reloaded before import = 0
Number of asset objects unloaded after import = 3
========================================================================
Received Import Request.
  Time since last request: 0.000030 seconds.
  path: Assets/UI/_Heathen Engineering/Assets/UX/Icons/Flat Icons [Free]/Free Flat Exit Left Icon.png
  artifactKey: Guid(cf03c630256c7dc47afa1a941c9b7968) Importer(815301076,1909f56bfc062723c751e8b465ee728b)
Start importing Assets/UI/_Heathen Engineering/Assets/UX/Icons/Flat Icons [Free]/Free Flat Exit Left Icon.png using Guid(cf03c630256c7dc47afa1a941c9b7968) Importer(815301076,1909f56bfc062723c751e8b465ee728b) [PhysX] Initialized MultithreadedTaskDispatcher with 12 workers.
WARNING: RGBA Compressed ASTC6X6 sRGB format is not supported, decompressing texture
[PhysX] Initialized MultithreadedTaskDispatcher with 12 workers.
 -> (artifact id: '3faf114a50e970bc76dcdf03f8d4d252') in 0.007355 seconds
Number of updated asset objects reloaded before import = 0
Number of asset objects unloaded after import = 3
========================================================================
Received Import Request.
  Time since last request: 0.000040 seconds.
  path: Assets/UI/_Heathen Engineering/Assets/UX/Icons/Flat Icons [Free]/Free Flat Download 2 Icon.png
  artifactKey: Guid(c3c81b037aa57ed4bb6d9a6f0b83a87c) Importer(815301076,1909f56bfc062723c751e8b465ee728b)
Start importing Assets/UI/_Heathen Engineering/Assets/UX/Icons/Flat Icons [Free]/Free Flat Download 2 Icon.png using Guid(c3c81b037aa57ed4bb6d9a6f0b83a87c) Importer(815301076,1909f56bfc062723c751e8b465ee728b) [PhysX] Initialized MultithreadedTaskDispatcher with 12 workers.
WARNING: RGBA Compressed ASTC6X6 sRGB format is not supported, decompressing texture
[PhysX] Initialized MultithreadedTaskDispatcher with 12 workers.
 -> (artifact id: '60beef6bf3e24807e20d6fbe14d8d7db') in 0.007886 seconds
Number of updated asset objects reloaded before import = 0
Number of asset objects unloaded after import = 3
========================================================================
Received Import Request.
  Time since last request: 0.193238 seconds.
  path: Assets/UI/_Heathen Engineering/Assets/UX/Icons/Flat Icons [Free]/Free Flat Hat Solid NESW Icon.png
  artifactKey: Guid(ad28ff0024282714d98193f0b11e99c8) Importer(815301076,1909f56bfc062723c751e8b465ee728b)
Start importing Assets/UI/_Heathen Engineering/Assets/UX/Icons/Flat Icons [Free]/Free Flat Hat Solid NESW Icon.png using Guid(ad28ff0024282714d98193f0b11e99c8) Importer(815301076,1909f56bfc062723c751e8b465ee728b) [PhysX] Initialized MultithreadedTaskDispatcher with 12 workers.
WARNING: RGBA Compressed ASTC6X6 sRGB format is not supported, decompressing texture
[PhysX] Initialized MultithreadedTaskDispatcher with 12 workers.
 -> (artifact id: 'c1fafd2e22150c1648b7a11b024a92f9') in 0.008861 seconds
Number of updated asset objects reloaded before import = 0
Number of asset objects unloaded after import = 3
========================================================================
Received Import Request.
  Time since last request: 0.000053 seconds.
  path: Assets/UI/_Heathen Engineering/Assets/UX/Icons/Flat Icons [Free]/Free Flat Hat Solid NW Icon.png
  artifactKey: Guid(4123cf49a9e94bf4e853f60226e46a5f) Importer(815301076,1909f56bfc062723c751e8b465ee728b)
Start importing Assets/UI/_Heathen Engineering/Assets/UX/Icons/Flat Icons [Free]/Free Flat Hat Solid NW Icon.png using Guid(4123cf49a9e94bf4e853f60226e46a5f) Importer(815301076,1909f56bfc062723c751e8b465ee728b) [PhysX] Initialized MultithreadedTaskDispatcher with 12 workers.
WARNING: RGBA Compressed ASTC6X6 sRGB format is not supported, decompressing texture
[PhysX] Initialized MultithreadedTaskDispatcher with 12 workers.
 -> (artifact id: 'ca7bcb2b65d333b59d2d25f4a4902ab0') in 0.008216 seconds
Number of updated asset objects reloaded before import = 0
Number of asset objects unloaded after import = 3
========================================================================
Received Import Request.
  Time since last request: 0.000082 seconds.
  path: Assets/UI/_Heathen Engineering/Assets/UX/Icons/Flat Icons [Free]/Free Flat Hat Solid S Icon.png
  artifactKey: Guid(90f33ae65fc362b438a11b10ef464599) Importer(815301076,1909f56bfc062723c751e8b465ee728b)
Start importing Assets/UI/_Heathen Engineering/Assets/UX/Icons/Flat Icons [Free]/Free Flat Hat Solid S Icon.png using Guid(90f33ae65fc362b438a11b10ef464599) Importer(815301076,1909f56bfc062723c751e8b465ee728b) [PhysX] Initialized MultithreadedTaskDispatcher with 12 workers.
WARNING: RGBA Compressed ASTC6X6 sRGB format is not supported, decompressing texture
[PhysX] Initialized MultithreadedTaskDispatcher with 12 workers.
 -> (artifact id: '27ca8e6ddebdce53fb3efa6463c88937') in 0.008204 seconds
Number of updated asset objects reloaded before import = 0
Number of asset objects unloaded after import = 3
========================================================================
Received Import Request.
  Time since last request: 0.000040 seconds.
  path: Assets/UI/_Heathen Engineering/Assets/UX/Icons/Flat Icons [Free]/Free Flat Hat Split Blank Icon.png
  artifactKey: Guid(91e3f51b2db613346a2e4c0f13d4dc7d) Importer(815301076,1909f56bfc062723c751e8b465ee728b)
Start importing Assets/UI/_Heathen Engineering/Assets/UX/Icons/Flat Icons [Free]/Free Flat Hat Split Blank Icon.png using Guid(91e3f51b2db613346a2e4c0f13d4dc7d) Importer(815301076,1909f56bfc062723c751e8b465ee728b) [PhysX] Initialized MultithreadedTaskDispatcher with 12 workers.
WARNING: RGBA Compressed ASTC6X6 sRGB format is not supported, decompressing texture
[PhysX] Initialized MultithreadedTaskDispatcher with 12 workers.
 -> (artifact id: '8ee9b39e2cd065121fdd4bdd8be5e3ec') in 0.007872 seconds
Number of updated asset objects reloaded before import = 0
Number of asset objects unloaded after import = 3
========================================================================
Received Import Request.
  Time since last request: 0.000046 seconds.
  path: Assets/UI/_Heathen Engineering/Assets/UX/Icons/Flat Icons [Free]/Free Flat Hat Split NES Icon.png
  artifactKey: Guid(c13c42142e883da49b83522d06caeb61) Importer(815301076,1909f56bfc062723c751e8b465ee728b)
Start importing Assets/UI/_Heathen Engineering/Assets/UX/Icons/Flat Icons [Free]/Free Flat Hat Split NES Icon.png using Guid(c13c42142e883da49b83522d06caeb61) Importer(815301076,1909f56bfc062723c751e8b465ee728b) [PhysX] Initialized MultithreadedTaskDispatcher with 12 workers.
WARNING: RGBA Compressed ASTC6X6 sRGB format is not supported, decompressing texture
[PhysX] Initialized MultithreadedTaskDispatcher with 12 workers.
 -> (artifact id: '6af18fb6d60a9febb98dff45ee359898') in 0.008886 seconds
Number of updated asset objects reloaded before import = 0
Number of asset objects unloaded after import = 3
========================================================================
Received Import Request.
  Time since last request: 0.000016 seconds.
  path: Assets/UI/_Heathen Engineering/Assets/UX/Icons/Flat Icons [Free]/Free Flat Hat Solid W Icon.png
  artifactKey: Guid(b2271e079e70d6c4dbee30583586e16b) Importer(815301076,1909f56bfc062723c751e8b465ee728b)
Start importing Assets/UI/_Heathen Engineering/Assets/UX/Icons/Flat Icons [Free]/Free Flat Hat Solid W Icon.png using Guid(b2271e079e70d6c4dbee30583586e16b) Importer(815301076,1909f56bfc062723c751e8b465ee728b) [PhysX] Initialized MultithreadedTaskDispatcher with 12 workers.
WARNING: RGBA Compressed ASTC6X6 sRGB format is not supported, decompressing texture
[PhysX] Initialized MultithreadedTaskDispatcher with 12 workers.
 -> (artifact id: 'cab9d8c9393d23bc34485d02aa4dfb4c') in 0.008027 seconds
Number of updated asset objects reloaded before import = 0
Number of asset objects unloaded after import = 3
========================================================================
Received Import Request.
  Time since last request: 0.000035 seconds.
  path: Assets/UI/_Heathen Engineering/Assets/UX/Icons/Flat Icons [Free]/Free Flat Hat Split NE Icon.png
  artifactKey: Guid(b61b4cfa10e855e4eac44966d6113f26) Importer(815301076,1909f56bfc062723c751e8b465ee728b)
Start importing Assets/UI/_Heathen Engineering/Assets/UX/Icons/Flat Icons [Free]/Free Flat Hat Split NE Icon.png using Guid(b61b4cfa10e855e4eac44966d6113f26) Importer(815301076,1909f56bfc062723c751e8b465ee728b) [PhysX] Initialized MultithreadedTaskDispatcher with 12 workers.
WARNING: RGBA Compressed ASTC6X6 sRGB format is not supported, decompressing texture
[PhysX] Initialized MultithreadedTaskDispatcher with 12 workers.
 -> (artifact id: '0ec0056a77dbd13256ea15f8816e10b0') in 0.007956 seconds
Number of updated asset objects reloaded before import = 0
Number of asset objects unloaded after import = 3
========================================================================
Received Import Request.
  Time since last request: 0.000038 seconds.
  path: Assets/UI/_Heathen Engineering/Assets/UX/Icons/Flat Icons [Free]/Free Flat Hat Split EW Icon.png
  artifactKey: Guid(d1cf728dc5f8f1146bbdb20b1d77e043) Importer(815301076,1909f56bfc062723c751e8b465ee728b)
Start importing Assets/UI/_Heathen Engineering/Assets/UX/Icons/Flat Icons [Free]/Free Flat Hat Split EW Icon.png using Guid(d1cf728dc5f8f1146bbdb20b1d77e043) Importer(815301076,1909f56bfc062723c751e8b465ee728b) [PhysX] Initialized MultithreadedTaskDispatcher with 12 workers.
WARNING: RGBA Compressed ASTC6X6 sRGB format is not supported, decompressing texture
[PhysX] Initialized MultithreadedTaskDispatcher with 12 workers.
 -> (artifact id: '726f0eab4838f2dd4458765effc923fe') in 0.008211 seconds
Number of updated asset objects reloaded before import = 0
Number of asset objects unloaded after import = 3
========================================================================
Received Import Request.
  Time since last request: 0.000048 seconds.
  path: Assets/UI/_Heathen Engineering/Assets/UX/Icons/Flat Icons [Free]/Free Flat Hat Solid SE Icon.png
  artifactKey: Guid(ecd240902c8ca3141bfbc2512673e3fc) Importer(815301076,1909f56bfc062723c751e8b465ee728b)
Start importing Assets/UI/_Heathen Engineering/Assets/UX/Icons/Flat Icons [Free]/Free Flat Hat Solid SE Icon.png using Guid(ecd240902c8ca3141bfbc2512673e3fc) Importer(815301076,1909f56bfc062723c751e8b465ee728b) [PhysX] Initialized MultithreadedTaskDispatcher with 12 workers.
WARNING: RGBA Compressed ASTC6X6 sRGB format is not supported, decompressing texture
[PhysX] Initialized MultithreadedTaskDispatcher with 12 workers.
 -> (artifact id: '3a99439bb4d1b7175aca3d43f0530c58') in 0.008455 seconds
Number of updated asset objects reloaded before import = 0
Number of asset objects unloaded after import = 3
========================================================================
Received Import Request.
  Time since last request: 0.000227 seconds.
  path: Assets/UI/_Heathen Engineering/Assets/UX/Icons/Flat Icons [Free]/Free Flat Home Icon.png
  artifactKey: Guid(2776e7415ee80d54b8ba0b71a8f22d19) Importer(815301076,1909f56bfc062723c751e8b465ee728b)
Start importing Assets/UI/_Heathen Engineering/Assets/UX/Icons/Flat Icons [Free]/Free Flat Home Icon.png using Guid(2776e7415ee80d54b8ba0b71a8f22d19) Importer(815301076,1909f56bfc062723c751e8b465ee728b) [PhysX] Initialized MultithreadedTaskDispatcher with 12 workers.
WARNING: RGBA Compressed ASTC6X6 sRGB format is not supported, decompressing texture
[PhysX] Initialized MultithreadedTaskDispatcher with 12 workers.
 -> (artifact id: '3ebe3543826836f9626cf6e7ed93b647') in 0.009349 seconds
Number of updated asset objects reloaded before import = 0
Number of asset objects unloaded after import = 3
========================================================================
Received Import Request.
  Time since last request: 0.000058 seconds.
  path: Assets/UI/_Heathen Engineering/Assets/UX/Icons/Flat Icons [Free]/Free Flat Hat Split SW Icon.png
  artifactKey: Guid(2d2efb71714622f48a1b75dcb0fbe9c1) Importer(815301076,1909f56bfc062723c751e8b465ee728b)
Start importing Assets/UI/_Heathen Engineering/Assets/UX/Icons/Flat Icons [Free]/Free Flat Hat Split SW Icon.png using Guid(2d2efb71714622f48a1b75dcb0fbe9c1) Importer(815301076,1909f56bfc062723c751e8b465ee728b) [PhysX] Initialized MultithreadedTaskDispatcher with 12 workers.
WARNING: RGBA Compressed ASTC6X6 sRGB format is not supported, decompressing texture
[PhysX] Initialized MultithreadedTaskDispatcher with 12 workers.
 -> (artifact id: 'cb2982725b0dd2d01a21961a5a3fefe5') in 0.009389 seconds
Number of updated asset objects reloaded before import = 0
Number of asset objects unloaded after import = 3
========================================================================
Received Import Request.
  Time since last request: 0.000015 seconds.
  path: Assets/UI/_Heathen Engineering/Assets/UX/Icons/Flat Icons [Free]/Free Flat Lock Closed Icon.png
  artifactKey: Guid(640b86b0058321e4fab8001b90531991) Importer(815301076,1909f56bfc062723c751e8b465ee728b)
Start importing Assets/UI/_Heathen Engineering/Assets/UX/Icons/Flat Icons [Free]/Free Flat Lock Closed Icon.png using Guid(640b86b0058321e4fab8001b90531991) Importer(815301076,1909f56bfc062723c751e8b465ee728b) [PhysX] Initialized MultithreadedTaskDispatcher with 12 workers.
WARNING: RGBA Compressed ASTC6X6 sRGB format is not supported, decompressing texture
[PhysX] Initialized MultithreadedTaskDispatcher with 12 workers.
 -> (artifact id: '36ce4f0d5ceb98fe0726768429fe018c') in 0.009366 seconds
Number of updated asset objects reloaded before import = 0
Number of asset objects unloaded after import = 3
========================================================================
Received Import Request.
  Time since last request: 0.000078 seconds.
  path: Assets/UI/_Heathen Engineering/Assets/UX/Icons/Flat Icons [Free]/Free Flat Heart Filled Icon.png
  artifactKey: Guid(4217838d18d06c04fbb38361be7b975f) Importer(815301076,1909f56bfc062723c751e8b465ee728b)
Start importing Assets/UI/_Heathen Engineering/Assets/UX/Icons/Flat Icons [Free]/Free Flat Heart Filled Icon.png using Guid(4217838d18d06c04fbb38361be7b975f) Importer(815301076,1909f56bfc062723c751e8b465ee728b) [PhysX] Initialized MultithreadedTaskDispatcher with 12 workers.
WARNING: RGBA Compressed ASTC6X6 sRGB format is not supported, decompressing texture
[PhysX] Initialized MultithreadedTaskDispatcher with 12 workers.
 -> (artifact id: '6ea4bba73f8fe8a42066c812bdc22013') in 0.010188 seconds
Number of updated asset objects reloaded before import = 0
Number of asset objects unloaded after import = 3
========================================================================
Received Import Request.
  Time since last request: 0.000026 seconds.
  path: Assets/UI/_Heathen Engineering/Assets/UX/Icons/Flat Icons [Free]/Free Flat Media Left Icon.png
  artifactKey: Guid(6a736cfd9250d5c4a9ff3e0e4ad0cb5c) Importer(815301076,1909f56bfc062723c751e8b465ee728b)
Start importing Assets/UI/_Heathen Engineering/Assets/UX/Icons/Flat Icons [Free]/Free Flat Media Left Icon.png using Guid(6a736cfd9250d5c4a9ff3e0e4ad0cb5c) Importer(815301076,1909f56bfc062723c751e8b465ee728b) [PhysX] Initialized MultithreadedTaskDispatcher with 12 workers.
WARNING: RGBA Compressed ASTC6X6 sRGB format is not supported, decompressing texture
[PhysX] Initialized MultithreadedTaskDispatcher with 12 workers.
 -> (artifact id: '4308fe5d7f751e64745a4669ec80b948') in 0.008641 seconds
Number of updated asset objects reloaded before import = 0
Number of asset objects unloaded after import = 3
========================================================================
Received Import Request.
  Time since last request: 0.000016 seconds.
  path: Assets/UI/_Heathen Engineering/Assets/UX/Icons/Flat Icons [Free]/Free Flat Media Right Full Icon.png
  artifactKey: Guid(ddf6af97ee5fb574a9f23107f5fda6de) Importer(815301076,1909f56bfc062723c751e8b465ee728b)
Start importing Assets/UI/_Heathen Engineering/Assets/UX/Icons/Flat Icons [Free]/Free Flat Media Right Full Icon.png using Guid(ddf6af97ee5fb574a9f23107f5fda6de) Importer(815301076,1909f56bfc062723c751e8b465ee728b) [PhysX] Initialized MultithreadedTaskDispatcher with 12 workers.
WARNING: RGBA Compressed ASTC6X6 sRGB format is not supported, decompressing texture
[PhysX] Initialized MultithreadedTaskDispatcher with 12 workers.
 -> (artifact id: '9d89210db9ee3829f4bad41a12d625c1') in 0.009262 seconds
Number of updated asset objects reloaded before import = 0
Number of asset objects unloaded after import = 3
========================================================================
Received Import Request.
  Time since last request: 0.000017 seconds.
  path: Assets/UI/_Heathen Engineering/Assets/UX/Icons/Flat Icons [Free]/Free Flat Magnify Minus Icon.png
  artifactKey: Guid(729052d35d545f2459aa6859cdcac322) Importer(815301076,1909f56bfc062723c751e8b465ee728b)
Start importing Assets/UI/_Heathen Engineering/Assets/UX/Icons/Flat Icons [Free]/Free Flat Magnify Minus Icon.png using Guid(729052d35d545f2459aa6859cdcac322) Importer(815301076,1909f56bfc062723c751e8b465ee728b) [PhysX] Initialized MultithreadedTaskDispatcher with 12 workers.
WARNING: RGBA Compressed ASTC6X6 sRGB format is not supported, decompressing texture
[PhysX] Initialized MultithreadedTaskDispatcher with 12 workers.
 -> (artifact id: 'cc8ea04f221a8d7337c7f72393c6fe81') in 0.011310 seconds
Number of updated asset objects reloaded before import = 0
Number of asset objects unloaded after import = 3
========================================================================
Received Import Request.
  Time since last request: 0.000069 seconds.
  path: Assets/UI/_Heathen Engineering/Assets/UX/Icons/Flat Icons [Free]/Free Flat Media Pause Icon.png
  artifactKey: Guid(5fc710f713ac1be468e5c8ef2b11239c) Importer(815301076,1909f56bfc062723c751e8b465ee728b)
Start importing Assets/UI/_Heathen Engineering/Assets/UX/Icons/Flat Icons [Free]/Free Flat Media Pause Icon.png using Guid(5fc710f713ac1be468e5c8ef2b11239c) Importer(815301076,1909f56bfc062723c751e8b465ee728b) [PhysX] Initialized MultithreadedTaskDispatcher with 12 workers.
WARNING: RGBA Compressed ASTC6X6 sRGB format is not supported, decompressing texture
[PhysX] Initialized MultithreadedTaskDispatcher with 12 workers.
 -> (artifact id: '8bbb98a396db1135d708c30304a46b90') in 0.008103 seconds
Number of updated asset objects reloaded before import = 0
Number of asset objects unloaded after import = 3
========================================================================
Received Import Request.
  Time since last request: 0.000330 seconds.
  path: Assets/UI/_Heathen Engineering/Assets/UX/Icons/Flat Icons [Free]/Free Flat Hat Split W Icon.png
  artifactKey: Guid(90e127db07a8eb542a422512cb421d2c) Importer(815301076,1909f56bfc062723c751e8b465ee728b)
Start importing Assets/UI/_Heathen Engineering/Assets/UX/Icons/Flat Icons [Free]/Free Flat Hat Split W Icon.png using Guid(90e127db07a8eb542a422512cb421d2c) Importer(815301076,1909f56bfc062723c751e8b465ee728b) [PhysX] Initialized MultithreadedTaskDispatcher with 12 workers.
WARNING: RGBA Compressed ASTC6X6 sRGB format is not supported, decompressing texture
[PhysX] Initialized MultithreadedTaskDispatcher with 12 workers.
 -> (artifact id: 'dea32b4b853e0088fb663b5f7cbf4e1f') in 0.008307 seconds
Number of updated asset objects reloaded before import = 0
Number of asset objects unloaded after import = 3
========================================================================
Received Import Request.
  Time since last request: 0.000058 seconds.
  path: Assets/UI/_Heathen Engineering/Assets/UX/Icons/Flat Icons [Free]/Free Flat Hat Split S Icon.png
  artifactKey: Guid(0574ad204ce85db469a066c20d0f377e) Importer(815301076,1909f56bfc062723c751e8b465ee728b)
Start importing Assets/UI/_Heathen Engineering/Assets/UX/Icons/Flat Icons [Free]/Free Flat Hat Split S Icon.png using Guid(0574ad204ce85db469a066c20d0f377e) Importer(815301076,1909f56bfc062723c751e8b465ee728b) [PhysX] Initialized MultithreadedTaskDispatcher with 12 workers.
WARNING: RGBA Compressed ASTC6X6 sRGB format is not supported, decompressing texture
[PhysX] Initialized MultithreadedTaskDispatcher with 12 workers.
 -> (artifact id: 'efa69f931ce0a463619f12bdeef99e4d') in 0.008682 seconds
Number of updated asset objects reloaded before import = 0
Number of asset objects unloaded after import = 3
========================================================================
Received Import Request.
  Time since last request: 0.000036 seconds.
  path: Assets/UI/_Heathen Engineering/Assets/UX/Icons/Flat Icons [Free]/Free Flat Hat Split NW Icon.png
  artifactKey: Guid(0882a00e59f52a543800a1a52bbba249) Importer(815301076,1909f56bfc062723c751e8b465ee728b)
Start importing Assets/UI/_Heathen Engineering/Assets/UX/Icons/Flat Icons [Free]/Free Flat Hat Split NW Icon.png using Guid(0882a00e59f52a543800a1a52bbba249) Importer(815301076,1909f56bfc062723c751e8b465ee728b) [PhysX] Initialized MultithreadedTaskDispatcher with 12 workers.
WARNING: RGBA Compressed ASTC6X6 sRGB format is not supported, decompressing texture
[PhysX] Initialized MultithreadedTaskDispatcher with 12 workers.
 -> (artifact id: 'f089c841862163b851f92e79cc860c82') in 0.009424 seconds
Number of updated asset objects reloaded before import = 0
Number of asset objects unloaded after import = 3
========================================================================
Received Import Request.
  Time since last request: 7.586931 seconds.
  path: Assets/UI/_Heathen Engineering/Assets/UX/Icons/Flat Icons [Free]/Free Flat Media Stop Icon.png
  artifactKey: Guid(7d0e2c51f326f034bb2ac5081607bc85) Importer(815301076,1909f56bfc062723c751e8b465ee728b)
Start importing Assets/UI/_Heathen Engineering/Assets/UX/Icons/Flat Icons [Free]/Free Flat Media Stop Icon.png using Guid(7d0e2c51f326f034bb2ac5081607bc85) Importer(815301076,1909f56bfc062723c751e8b465ee728b) [PhysX] Initialized MultithreadedTaskDispatcher with 12 workers.
WARNING: RGBA Compressed ASTC6X6 sRGB format is not supported, decompressing texture
[PhysX] Initialized MultithreadedTaskDispatcher with 12 workers.
 -> (artifact id: 'f9a02ae254bde1eacb023c2ae16cdb19') in 0.007873 seconds
Number of updated asset objects reloaded before import = 0
Number of asset objects unloaded after import = 3
========================================================================
Received Import Request.
  Time since last request: 0.000112 seconds.
  path: Assets/UI/_Heathen Engineering/Assets/UX/Icons/Flat Icons [Free]/Free Flat Menu 12 Icon.png
  artifactKey: Guid(4ce624e3d198e86438d872c3a6b74c39) Importer(815301076,1909f56bfc062723c751e8b465ee728b)
Start importing Assets/UI/_Heathen Engineering/Assets/UX/Icons/Flat Icons [Free]/Free Flat Menu 12 Icon.png using Guid(4ce624e3d198e86438d872c3a6b74c39) Importer(815301076,1909f56bfc062723c751e8b465ee728b) [PhysX] Initialized MultithreadedTaskDispatcher with 12 workers.
WARNING: RGBA Compressed ASTC6X6 sRGB format is not supported, decompressing texture
[PhysX] Initialized MultithreadedTaskDispatcher with 12 workers.
 -> (artifact id: '14e08fd30f612f5cbc7136aee1f90393') in 0.008012 seconds
Number of updated asset objects reloaded before import = 0
Number of asset objects unloaded after import = 3
========================================================================
Received Import Request.
  Time since last request: 0.000122 seconds.
  path: Assets/UI/_Heathen Engineering/Assets/UX/Icons/Flat Icons [Free]/Free Flat Mic No Icon.png
  artifactKey: Guid(a2209b713c93ece44babfd822911c69e) Importer(815301076,1909f56bfc062723c751e8b465ee728b)
Start importing Assets/UI/_Heathen Engineering/Assets/UX/Icons/Flat Icons [Free]/Free Flat Mic No Icon.png using Guid(a2209b713c93ece44babfd822911c69e) Importer(815301076,1909f56bfc062723c751e8b465ee728b) [PhysX] Initialized MultithreadedTaskDispatcher with 12 workers.
WARNING: RGBA Compressed ASTC6X6 sRGB format is not supported, decompressing texture
[PhysX] Initialized MultithreadedTaskDispatcher with 12 workers.
 -> (artifact id: '8dca021b25e0a3b2d6e01140263cf208') in 0.007906 seconds
Number of updated asset objects reloaded before import = 0
Number of asset objects unloaded after import = 3
========================================================================
Received Import Request.
  Time since last request: 0.000150 seconds.
  path: Assets/UI/_Heathen Engineering/Assets/UX/Icons/Flat Icons [Free]/Free Flat Menu 8 Icon.png
  artifactKey: Guid(346e3b2dceb1a6c458d4271b170b3bd5) Importer(815301076,1909f56bfc062723c751e8b465ee728b)
Start importing Assets/UI/_Heathen Engineering/Assets/UX/Icons/Flat Icons [Free]/Free Flat Menu 8 Icon.png using Guid(346e3b2dceb1a6c458d4271b170b3bd5) Importer(815301076,1909f56bfc062723c751e8b465ee728b) [PhysX] Initialized MultithreadedTaskDispatcher with 12 workers.
WARNING: RGBA Compressed ASTC6X6 sRGB format is not supported, decompressing texture
[PhysX] Initialized MultithreadedTaskDispatcher with 12 workers.
 -> (artifact id: '407808f211dd5b4860133cb1a64e8ad1') in 0.007713 seconds
Number of updated asset objects reloaded before import = 0
Number of asset objects unloaded after import = 3
========================================================================
Received Import Request.
  Time since last request: 0.000057 seconds.
  path: Assets/UI/_Heathen Engineering/Assets/UX/Icons/Flat Icons [Free]/Free Flat Menu 7 Icon.png
  artifactKey: Guid(9b466b84db50ef34ea05f95f37e7d439) Importer(815301076,1909f56bfc062723c751e8b465ee728b)
Start importing Assets/UI/_Heathen Engineering/Assets/UX/Icons/Flat Icons [Free]/Free Flat Menu 7 Icon.png using Guid(9b466b84db50ef34ea05f95f37e7d439) Importer(815301076,1909f56bfc062723c751e8b465ee728b) [PhysX] Initialized MultithreadedTaskDispatcher with 12 workers.
WARNING: RGBA Compressed ASTC6X6 sRGB format is not supported, decompressing texture
[PhysX] Initialized MultithreadedTaskDispatcher with 12 workers.
 -> (artifact id: 'e8713901de49f09f50c349fa9cef5781') in 0.007827 seconds
Number of updated asset objects reloaded before import = 0
Number of asset objects unloaded after import = 3
========================================================================
Received Import Request.
  Time since last request: 0.000075 seconds.
  path: Assets/UI/_Heathen Engineering/Assets/UX/Icons/Flat Icons [Free]/Free Flat Menu 3 Icon.png
  artifactKey: Guid(80e352140f72c1a46925fdcd2fc5fb28) Importer(815301076,1909f56bfc062723c751e8b465ee728b)
Start importing Assets/UI/_Heathen Engineering/Assets/UX/Icons/Flat Icons [Free]/Free Flat Menu 3 Icon.png using Guid(80e352140f72c1a46925fdcd2fc5fb28) Importer(815301076,1909f56bfc062723c751e8b465ee728b) [PhysX] Initialized MultithreadedTaskDispatcher with 12 workers.
WARNING: RGBA Compressed ASTC6X6 sRGB format is not supported, decompressing texture
[PhysX] Initialized MultithreadedTaskDispatcher with 12 workers.
 -> (artifact id: 'f0e26a78f017aef37bf1c3f13e22aac4') in 0.007104 seconds
Number of updated asset objects reloaded before import = 0
Number of asset objects unloaded after import = 3
========================================================================
Received Import Request.
  Time since last request: 0.000305 seconds.
  path: Assets/UI/_Heathen Engineering/Assets/UX/Icons/Flat Icons [Free]/Free Flat Mic No Crossless Icon.png
  artifactKey: Guid(17a49a70c2f55784b88d0fb593781488) Importer(815301076,1909f56bfc062723c751e8b465ee728b)
Start importing Assets/UI/_Heathen Engineering/Assets/UX/Icons/Flat Icons [Free]/Free Flat Mic No Crossless Icon.png using Guid(17a49a70c2f55784b88d0fb593781488) Importer(815301076,1909f56bfc062723c751e8b465ee728b) [PhysX] Initialized MultithreadedTaskDispatcher with 12 workers.
WARNING: RGBA Compressed ASTC6X6 sRGB format is not supported, decompressing texture
[PhysX] Initialized MultithreadedTaskDispatcher with 12 workers.
 -> (artifact id: '0348ad10363bde51e02c62afd45c6fee') in 0.007035 seconds
Number of updated asset objects reloaded before import = 0
Number of asset objects unloaded after import = 3
========================================================================
Received Import Request.
  Time since last request: 0.000101 seconds.
  path: Assets/UI/_Heathen Engineering/Assets/UX/Icons/Flat Icons [Free]/Free Flat Menu 11 Icon.png
  artifactKey: Guid(cefa2b23d10c33e4182f330dffd33b92) Importer(815301076,1909f56bfc062723c751e8b465ee728b)
Start importing Assets/UI/_Heathen Engineering/Assets/UX/Icons/Flat Icons [Free]/Free Flat Menu 11 Icon.png using Guid(cefa2b23d10c33e4182f330dffd33b92) Importer(815301076,1909f56bfc062723c751e8b465ee728b) [PhysX] Initialized MultithreadedTaskDispatcher with 12 workers.
WARNING: RGBA Compressed ASTC6X6 sRGB format is not supported, decompressing texture
[PhysX] Initialized MultithreadedTaskDispatcher with 12 workers.
 -> (artifact id: '5c25f59de3f5b47a82e539ce19c146b4') in 0.009551 seconds
Number of updated asset objects reloaded before import = 0
Number of asset objects unloaded after import = 3
========================================================================
Received Import Request.
  Time since last request: 0.000079 seconds.
  path: Assets/UI/_Heathen Engineering/Assets/UX/Icons/Flat Icons [Free]/Free Flat Mic Off Dashless Icon.png
  artifactKey: Guid(50fea1eac0ada9a46b84161f5c9db6cd) Importer(815301076,1909f56bfc062723c751e8b465ee728b)
Start importing Assets/UI/_Heathen Engineering/Assets/UX/Icons/Flat Icons [Free]/Free Flat Mic Off Dashless Icon.png using Guid(50fea1eac0ada9a46b84161f5c9db6cd) Importer(815301076,1909f56bfc062723c751e8b465ee728b) [PhysX] Initialized MultithreadedTaskDispatcher with 12 workers.
WARNING: RGBA Compressed ASTC6X6 sRGB format is not supported, decompressing texture
[PhysX] Initialized MultithreadedTaskDispatcher with 12 workers.
 -> (artifact id: 'b98c8cfd9c0094ddeac1b4f66235355f') in 0.007769 seconds
Number of updated asset objects reloaded before import = 0
Number of asset objects unloaded after import = 3
========================================================================
Received Import Request.
  Time since last request: 0.000081 seconds.
  path: Assets/UI/_Heathen Engineering/Assets/UX/Icons/Flat Icons [Free]/Free Flat Mic Off Dash Icon.png
  artifactKey: Guid(c6a91fdbbdde167459002f1c9ca6b127) Importer(815301076,1909f56bfc062723c751e8b465ee728b)
Start importing Assets/UI/_Heathen Engineering/Assets/UX/Icons/Flat Icons [Free]/Free Flat Mic Off Dash Icon.png using Guid(c6a91fdbbdde167459002f1c9ca6b127) Importer(815301076,1909f56bfc062723c751e8b465ee728b) [PhysX] Initialized MultithreadedTaskDispatcher with 12 workers.
WARNING: RGBA Compressed ASTC6X6 sRGB format is not supported, decompressing texture
[PhysX] Initialized MultithreadedTaskDispatcher with 12 workers.
 -> (artifact id: 'c25a6cee4cdd6df700bed6389be0d85e') in 0.008448 seconds
Number of updated asset objects reloaded before import = 0
Number of asset objects unloaded after import = 3
